프로젝트 명,프로젝트 종료여부,프로젝트 주소,위치좌표(위도),위치좌표(경도),자치구 구분,사업금액(억원),사업착수일,사업시작일,사업종료일
2024년 중부수도사업소 관내 포장도로 굴착복구공사(장기1차- 단가계약),False,서울 중구 장충단로 88,37.56677914673812,126.97861831453145,중구,,2024-05-01,2024-05-13,2025-06-30
"2024년 1,2호선 강북구간 궤도시설 보수보강공사",False,서울 중구 정동 5-8,37.56534539636417,126.97719821079863,중구,,2024-06-01,2024-06-18,2025-06-24
의회청사 공간재배치 및 내진보강 소방공사 (장기1차),False,서울특별시 중구 세종대로 125,37.56772752663001,126.97667114218854,중구,,2024-07-01,2024-07-04,2025-06-09
의회청사 공간재배치 및 내진보강 전기공사 (장기1차),False,서울특별시 중구 세종대로 125,37.56772752663001,126.97667114218854,중구,,2024-06-01,2024-06-12,2025-05-31
의회청사 공간재배치 및 내진보강 정보통신공사 (장기1차),False,서울특별시 중구 세종대로 125,37.56772752663001,126.97667114218854,중구,,2024-06-01,2024-06-21,2025-05-31
의회청사 공간재배치 및 내진보강공사 (장기1차),False,서울특별시 중구 세종대로 125,37.56772752663001,126.97667114218854,중구,35.7,2024-06-01,2024-06-12,2025-05-31
신림공영차고지(저류조 포함) 건설 소방공사(장기1차),False,서울특별시 관악구 신림동 140-2,37.56882613653158,126.978221551817,중구,9.7,2021-06-01,2021-06-30,2025-12-31
2024년 4호선 궤도시설 보수보강공사,False,서울특별시 중구 퇴계로 지하 126,37.56096526943837,126.98640235001736,중구,,2024-06-01,2024-06-13,2025-06-19
탄천변 장기사용 배수관 정비공사(장기1차),False,서울특별시 서대문구 서소문로 51,37.56191102139211,126.9667513226026,서대문구,,2024-06-01,2024-06-20,2025-06-06
서울 창조산업허브 조성공사(구 서울애니메이션센터 건립공사),False,서울 중구 소파로 126,37.55877057698385,126.98764092037636,중구,483.98633581,2023-06-01,2023-06-15,2027-03-28
서울애니메이션센터 건립 기계공사(장기1차),False,서울 중구 소파로 126,37.55877057698385,126.98764092037636,중구,,2023-08-01,2023-08-31,2026-12-31
서울애니메이션센터 건립 소방공사(장기1차),False,서울 중구 소파로 126,37.55877057698385,126.98764092037636,중구,,2023-09-01,2023-09-05,2026-12-31
서울애니메이션센터 건립 전기공사(장기1차),False,서울 중구 소파로 126,37.55877057698385,126.98764092037636,중구,,2023-08-01,2023-08-22,2026-12-31
서울애니메이션센터 건립 통신공사(장기1차),False,서울 중구 소파로 126,37.55877057698385,126.98764092037636,중구,,2023-08-01,2023-08-21,2026-12-31
서울애니메이션센터 발굴유구 복원공사(장기1차),False,서울 중구 소파로 126,37.55877057698385,126.98764092037636,중구,,2023-04-01,2023-04-06,2026-10-09
천연동 도시재생복합센터 건립사업 신축공사,False,서울 서대문구 통일로9길 6-24,37.567645091144826,126.96411819648708,서대문구,108.3,2023-02-01,2023-02-06,2026-01-28
서울영화센터 건립공사,False,서울 중구 마른내로 38,37.56418595101549,126.99211768677368,중구,139.8,2019-12-01,2019-12-23,2025-06-30
2024년 중구 관내 상수도공사(장기1차-단가계약),False,서울특별시 중구 창경궁로 17,37.5638077703663,126.99755518229246,중구,,2024-03-01,2024-03-21,2025-06-30
장충-8소구역 하수관로 정비사업(장기계속),False,서울 중구 동호로 320,37.567267564448855,127.00364475792207,중구,,2024-04-01,2024-04-26,2025-12-30
한양도성 인왕곡성 성벽 붕괴구간 해체?보수공사(장기),False,서울 서대문구 통일로34길 72-27,37.58081784450321,126.95793334468932,서대문구,,2024-07-01,2024-07-08,2026-07-14
2024년 석관동 등 10개동 상수도공사(장기1차-단가계약),False,서울특별시 중구 장충단로 88,37.5534751235111,127.002946956604,중구,,2024-03-01,2024-03-14,2025-06-30
2024년 용산구 관내 상수도공사(장기1차-단가계약),False,서울특별시 중구 장충단로 88,37.5534751235111,127.002946956604,중구,,2024-06-01,2024-06-25,2025-06-30
2024년 정릉동 등 10개동 상수도공사(장기1차-단가계약),False,서울특별시 중구 장충단로 88,37.5534751235111,127.002946956604,중구,,2024-05-01,2024-05-14,2025-06-30
"2024년 중구,용산구 관내 상수도시설물 설치 및 보수공사(장기1차-단가계약)",False,서울특별시 중구 장충단로 88,37.5534751235111,127.002946956604,중구,,2024-06-01,2024-06-27,2025-06-30
2024년 평창동 등 8개동 상수도 공사(장기1차-단가계약),False,서울특별시 중구 장충단로 88,37.5534751235111,127.002946956604,중구,,2024-03-01,2024-03-19,2025-06-30
2024년-1 중구 관내 상수도공사(장기계속단가계약-1차),False,서울특별시 중구 장충단로 88,37.5534751235111,127.002946956604,중구,,2024-09-01,2024-09-20,2025-08-31
2024년-1 창신1동 등 10개동 상수도공사(장기계속-1차)(단가계약),False,서울특별시 중구 장충단로 88,37.5534751235111,127.002946956604,중구,,2024-07-01,2024-07-15,2025-06-30
성북1배수지(1지) 외 1개소 내부 방식 공사(장기계속계약),False,서울특별시 중구 장충단로 88,37.5534751235111,127.002946956604,중구,,2024-05-01,2024-05-09,2025-06-30
2024년 서부 관내 긴급누수복구공사 (장기1차-단가계약),False,서울 서대문구 모래내로 303-25,37.58291735772679,126.95251765976148,서대문구,,2024-05-01,2024-05-09,2025-06-30
2024년 마포구 관내 상수도 시설물 정비공사(장기1차- 단가계약),False,서울특별시 서대문구 통일로26길 41,37.58302903527928,126.952404373743,서대문구,,2024-06-01,2024-06-11,2025-06-30
2024년 서대문구 관내 상수도시설물 정비공사(장기1 차-단가계약),False,서울특별시 서대문구 통일로26길 41,37.58302903527928,126.952404373743,서대문구,,2024-05-01,2024-05-08,2025-06-30
2024년 서부관내 포장도로 굴착복구공사 (장기1차-연간단가계약),False,서울 서대문구 통일로26길 41,37.58302903527928,126.952404373743,서대문구,,2024-03-01,2024-03-15,2025-06-30
연희배수지(2호지)외 1개소 내부 방식공사 (장기계속공사),False,서울특별시 서대문구 통일로26길 41,37.58302903527928,126.952404373743,서대문구,,2024-07-01,2024-07-12,2025-06-30
2024년 창신1동 등 10개동 상수도공사(장기1차-단가계약),False,서울 종로구 창신동 330-55,37.572334909018544,127.01383856654284,종로구,,2024-03-01,2024-03-05,2025-06-30
용산-22 소구역 하수관로 정비공사(1권역),False,서울 용산구 녹사평대로 150,37.53854367613884,126.99451798878584,용산구,,2024-08-01,2024-08-05,2026-11-30
2024년 낙산길 장기사용 송배수관 정비공사 (장기1차-단가계약),False,서울 종로구 창신동 23-815,37.57809437018035,127.01503963322308,종로구,,2024-03-01,2024-03-18,2025-11-30
2024년 중부수도사업소 관내 긴급누수복구공사 (장기1차-단가계약),False,서울 용산구 이태원로 281,37.53926460318377,126.9997171277608,용산구,,2024-05-01,2024-05-08,2025-06-30
6호선 대흥역 승강편의시설 설치 정보통신공사(60공구),False,서울특별시 마포구 대흥로 지하 85,37.5476479056751,126.942473188734,마포구,,2024-02-01,2024-02-16,2025-07-06
"2024년 6, 7호선 철도신호설비 철거 및 설치 공사",False,서울 용산구 이태원동 119-23,37.53452520505108,126.994333861918,용산구,,2024-06-01,2024-06-24,2025-08-04
신수-1 소구역 하수관로 정비사업(장기계속),False,"서울 마포구 토정로 212, 3층",37.54483259095132,126.93441968440624,마포구,71.6,2023-12-01,2023-12-19,2026-02-14
2024년-1 평창동 등 8개동 상수도공사(장기계속단가계약-1차),False,서울특별시 종로구 평창문화로 65,37.60639169604322,126.968357810931,종로구,,2024-09-01,2024-09-23,2025-06-30
서대문 뇌병변장애인비전센터 건립 대수선 및 리모델링 통신 공사,False,서울특별시 서대문구 가좌로 75,37.579807981297,126.92832378324673,서대문구,,2024-04-01,2024-04-09,2025-09-08
서대문 뇌병변장애인비전센터 건립 대수선 및 리모델링 건축공사-장기계속 1차,False,서울 서대문구 가좌로 75,37.5798165025652,126.928260943411,서대문구,,2024-04-01,2024-04-09,2025-09-08
서대문 뇌병변장애인비전센터 건립 대수선 및 리모델링 소방 공사,False,서울특별시 서대문구 가좌로 75,37.5798165025652,126.928260943411,서대문구,,2024-04-01,2024-04-09,2025-09-08
서대문 뇌병변장애인비전센터 건립 대수선 및 리모델링 전기 공사,False,서울특별시 서대문구 가좌로 75,37.5798165025652,126.928260943411,서대문구,,2024-04-01,2024-04-09,2025-09-08
와우산배수지(1지) 등 2개소 내부 방식 공사(장기1차),False,서울 마포구 창전동 산3-21,37.55135243190683,126.92857794246042,마포구,,2024-05-01,2024-05-13,2025-12-31
동북선 도시철도 민간투자사업(시스템공구),False,서울 동대문구 왕산로 68,37.57752050282169,127.03090544463798,동대문구,1731.8,2018-08-01,2018-08-17,2026-07-14
대현산07중블록 급수환경 개선공사(장기1차),False,서울 용산구 한강대로 26,37.523036071933205,126.96234654985318,용산구,,2024-05-01,2024-05-09,2025-12-05
2024년 3호선 동호철교 궤도시설물 개량공사,False,서울 성동구 동호로 21,37.53663185349426,127.02078472125244,성동구,,2024-06-01,2024-06-13,2025-07-12
2024년 광진구 관내 상수도 시설물 설치 및 보수공사(장기1차- 단가계약),False,서울특별시 성동구 고산자로10길 13,37.5592794885993,127.03538885754502,성동구,,2024-06-01,2024-06-04,2025-06-30
2024년 광진구 관내 상수도공사 (장기1차-단가계약),False,서울특별시 성동구 고산자로10길 13,37.5592794885993,127.03538885754502,성동구,,2024-06-01,2024-06-04,2025-06-30
2024년 동부수도사업소 관내 포장도로 굴착복구공사 (장기1차단가계약),False,서울 성동구 고산자로10길 13,37.5592794885993,127.03538885754502,성동구,33.5,2024-04-01,2024-04-04,2025-05-31
2024년 망우본동 외 8개동 상수도공사  (장기1차-단가계약),False,서울특별시 성동구 고산자로10길 13,37.5592794885993,127.03538885754502,성동구,,2024-01-01,2024-01-26,2025-06-30
2024년 묵1동 외 7개동 상수도공사  (장기1차-단가계약),False,서울특별시 성동구 고산자로10길 13,37.5592794885993,127.03538885754502,성동구,,2024-01-01,2024-01-29,2025-06-30
2024년 성동구 관내 상수도 시설물 설치 및 보수공사(장기1차-단가계약),False,서울특별시 성동구 고산자로10길 13,37.5592794885993,127.03538885754502,성동구,,2024-06-01,2024-06-05,2025-06-30
2024년 성동구 관내 상수도공사(장기1차단가계약),False,서울특별시 성동구 고산자로10길 13,37.5592794885993,127.03538885754502,성동구,,2024-06-01,2024-06-05,2025-06-30
2024년 제기동 외 5개동 상수도공사 (장기계속단가계약),False,서울특별시 성동구 고산자로10길 13,37.5592794885993,127.03538885754502,성동구,,2024-06-01,2024-06-05,2025-06-30
"2024년 중랑, 동대문구 관내 상수도 시설물 설치 및 보수공사(장기1차)",False,서울특별시 성동구 고산자로10길 13,37.5592794885993,127.03538885754502,성동구,,2024-03-01,2024-03-12,2025-06-30
2024년 휘경1동 외 7개동 상수도공사 (장기1차-단가계약),False,서울특별시 성동구 고산자로10길 13,37.5592794885993,127.03538885754502,성동구,,2024-07-01,2024-07-05,2025-06-30
2024년 동부수도사업소 관내 긴급누수 복구공사 (장기1차-단가계약),False,서울 강남구 밤고개로1길 10,37.55930650764483,127.03542508766505,강남구,,2024-04-01,2024-04-12,2025-06-30
사천 빗물펌프장 토공사,False,서울시 서대문구 연희동 446번지 외,37.56794627010401,126.91777714466956,서대문구,109.26527,2020-03-01,2020-03-02,2025-06-30
구립가재울데이케어센터 신축 공사(소방),False,서울특별시 서대문구 모래내로13길 13,37.5695051524195,126.916720457432,서대문구,,2024-07-01,2024-07-17,2025-12-18
구립가재울데이케어센터 신축 공사(전기),False,서울특별시 서대문구 모래내로13길 13,37.5695051524195,126.916720457432,서대문구,,2024-07-01,2024-07-17,2025-12-18
구립가재울데이케어센터 신축 공사(통신),False,서울특별시 서대문구 모래내로13길 13,37.5695051524195,126.916720457432,서대문구,,2024-07-01,2024-07-17,2025-12-18
"구립가재울데이케어센터 신축 공사(건축,기계,토목)-장기계속 1차",False,서울 서대문구 모래내로13길 13,37.5695375850288,126.916715893535,서대문구,,2024-07-01,2024-07-12,2025-12-16
동북선 도시철도 민간투자사업 시스템엔지니어링(SE),False,서울특별시 동대문구 왕산로68 용운빌딩 2층,37.5784484055,127.0375398262,동대문구,69.0,2018-08-01,2018-08-17,2026-07-14
응암정보도서관 신축 전기공사,False,서울특별시 은평구 가좌로 179,37.58705649796877,126.9206206240984,은평구,,2024-02-01,2024-02-01,2025-11-01
응암정보도서관 신축 통신공사(1차),False,서울특별시 은평구 가좌로 179,37.58705649796877,126.9206206240984,은평구,,2024-02-01,2024-02-14,2025-11-14
응암정보도서관(생활문화센터) 건립 기계공사(1차),False,서울특별시 은평구 가좌로 179,37.58705649796877,126.9206206240984,은평구,,2024-02-01,2024-02-15,2025-11-15
응암정보도서관(생활문화센터) 건립 기계소방공사,False,서울특별시 은평구 가좌로 179,37.58705649796877,126.9206206240984,은평구,,2024-02-01,2024-02-02,2025-11-05
응암정보도서관 신축 소방전기공사(1차),False,서울특별시 은평구 가좌로7길 15,37.5860070782951,126.919638992522,은평구,,2024-02-01,2024-02-07,2025-11-14
응암정보도서관(생활문화센터) 신축공사,False,서울 은평구 가좌로7길 15,37.5860067176611,126.919638653251,은평구,,2024-01-01,2024-01-25,2025-10-25
2024년 동작철교 궤도시설물 개량에 따른 전기공사(전차선분야),False,서울 용산구 이촌동 319,37.51994469418923,126.952272530988,용산구,,2024-07-01,2024-07-17,2025-12-04
서강대교 보수(도장)공사-장기1차,False,서울 마포구 토정로 158,37.53731097617322,126.92520714233952,마포구,,2024-02-01,2024-02-21,2025-11-27
[실적제한]2024년 PSC박스거더교 외부텐던 보수공사,False,서울특별시 성동구 청계천로 540,37.58814002840559,127.03726163597015,성동구,,2024-07-01,2024-07-15,2025-08-19
서울시립 김병주도서관 건립 통신공사(장기-1차),False,서울 서대문구 북가좌동 479,37.5752405277427,126.912489437755,서대문구,,2024-09-01,2024-09-10,2027-03-31
2024년 은평구 관내 상수도공사 (장기1차-단가계약),False,서울 은평구 은평로 195,37.60281743572421,126.92893871656368,은평구,10.9,2024-05-01,2024-05-17,2025-06-30
2024년 은평구 관내 상수도시설물 설치 및 보수공사(장기1차- 단가계약),False,서울특별시 은평구 은평로 195,37.60281743572421,126.92893871656368,은평구,,2024-05-01,2024-05-29,2025-06-30
도시안전종합시설 전기공사,False,서울특별시 은평구 은평로 195,37.60281743572421,126.92893871656368,은평구,,2023-11-01,2023-11-20,2025-12-31
새장골 공영주차장 복합시설 통신공사(1차),False,서울특별시 은평구 은평로 195,37.60281743572421,126.92893871656368,은평구,,2024-02-01,2024-02-16,2026-02-15
서울청년센터 성북 신축 소방공사,False,서울 성북구 종암동 25-28,37.5944018508268,127.035450323291,성북구,,2024-03-01,2024-03-22,2025-06-14
서울청년센터 성북 신축 전기공사,False,서울 성북구 종암동 25-28,37.5944018508268,127.035450323291,성북구,,2024-03-01,2024-03-15,2025-06-11
서울청년센터 성북 신축 정보통신공사,False,서울 성북구 종암동 25-28,37.5944018508268,127.035450323291,성북구,,2024-03-01,2024-03-07,2025-05-31
성북 청년 스마트창업센터 신축공사,False,서울 성북구 삼양로 33,37.60576688202196,127.02388716156598,성북구,,2024-07-01,2024-07-11,2026-01-09
서울 청년 스마트창업센터 신축 정보통신 공사,False,서울 성북구 길음동 1245-1,37.6058717592527,127.023877229129,성북구,,2024-08-01,2024-08-05,2026-01-28
성북 청년 스마트창업센터  신축 전기공사,False,서울 성북구 길음동 1245-1,37.6058717592527,127.023877229129,성북구,,2024-08-01,2024-08-01,2026-01-22
성북 청년 스마트창업센터 신축 소방공사,False,서울 성북구 길음동 1245-1,37.6058717592527,127.023877229129,성북구,,2024-08-01,2024-08-22,2026-05-25
성동교 확장 공사(장기1차),False,서울 성동구 살곶이길 313,37.55301473042995,127.04381364063131,성동구,111.9,2023-06-01,2023-06-05,2025-06-08
구산동 공공복합시설 신축 통신공사,False,서울특별시 은평구 통일로 684,37.6082846755735,126.93363919205684,은평구,,2024-07-01,2024-07-09,2026-07-11
5호선 영등포구청역 등 3역 승강편의시설 설치공사(61공구),False,서울 은평구 증산로 지하 400,37.59086004799671,126.913580663181,은평구,,2023-11-01,2023-11-06,2026-04-23
2024년 3호선 궤도시설 보수보강공사에 따른 신호설비공사,False,서울 은평구 불광동 276-15,37.6100477979795,126.930315826401,은평구,,2024-08-01,2024-08-01,2025-08-06
2024년 뚝도아리수정수센터  건축 토목 시설물 정비공사(장기1차 단가계약),False,서울 성동구 성수동1가 642-1,37.54021192615684,127.042748192584,성동구,,2024-04-01,2024-04-29,2025-05-30
성북구 정릉천 유지용수 공급 관로공사(장기),False,"서울 동대문구 회기로5길 100, 상가동 3층(하월곡동 샹그레빌아파트)",37.5957950580132,127.040741749785,동대문구,,2023-09-01,2023-09-04,2025-08-23
"2024년 6,7호선 레일밀링공사",False,서울 은평구 신사동 22-15,37.59849286328758,126.9155399209037,은평구,,2024-08-01,2024-08-27,2025-06-11
월곡 복합체육센터 신축공사,False,서울 성북구 화랑로 49,37.6031138263824,127.037417115139,성북구,208.0925,2023-07-01,2023-07-27,2026-07-20
월곡 복합체육센터 신축 정보통신공사,False,서울특별시 성북구 화랑로 49,37.60292291767309,127.03766536632098,성북구,,2023-08-01,2023-08-30,2026-06-14
2024년 마포구 관내 상수도공사(장기1차),False,서울 은평구 가좌로6길 21-1,37.56613684543564,126.90212502670076,은평구,,2024-04-01,2024-04-30,2025-06-30
동북선 도시철도 민간투자사업(2공구),False,서울 성북구 도봉로 11,37.6102501932449,127.029877024711,성북구,1546.131,2018-08-01,2018-08-17,2026-07-14
중랑천 생태회복 및 친수문화 조성공사(장기 1차),False,서울특별시 성동구 가람길 115  (송정동),37.55256032914512,127.05330259381604,성동구,216.16,2019-05-01,2019-05-23,2025-06-30
지하철 통합관제 신축 정보통신공사,False,서울 성동구 천호대로78길 58,37.55857366479577,127.05509509065668,성동구,33.3,2022-06-01,2022-06-16,2025-07-16
2024년 남부 관내 상수도 긴급누수복구공사 (장기1차-단가계약),False,서울 동작구 동작동 316-2,37.50465009468961,126.97575773643216,동작구,,2024-05-01,2024-05-23,2025-06-30
2024년  동작구 관내 상수도공사 (장기1차 단가),False,서울특별시 동작구 장승배기로 161,37.51248204235879,126.93931505634002,동작구,,2024-04-01,2024-04-15,2025-06-30
24~25년 경관조명 유지보수공사(연간단가 장기계속공사),False,서울특별시 성동구 자동차시장길 41,37.55929289575221,127.056503569,성동구,,2024-06-01,2024-06-20,2025-06-30
24~25년 도로기전시설물 일상유지보수공사(연간단가 장기계속공사),False,서울특별시 성동구 자동차시장길 41,37.55929289575221,127.056503569,성동구,,2024-06-01,2024-06-17,2025-06-30
1~4호선 소방설비 유지보수 단가계약,False,서울특별시 성동구 천호대로 346,37.56263793810079,127.05724745183832,성동구,,2023-06-01,2023-06-01,2025-12-31
2024년 3호선 궤도시설 보수보강공사,False,서울특별시 성동구 천호대로 346,37.56263793810079,127.05724745183834,성동구,,2024-06-01,2024-06-17,2025-06-20
"2024년 5,8호선 궤도시설 보수보강공사",False,서울특별시 성동구 천호대로 346,37.56263793810079,127.05724745183834,성동구,,2024-06-01,2024-06-17,2025-06-18
2024년 5~8호선 차량기지 목침목 개량 및 탈선방지가드앵글 설치공사,False,서울특별시 성동구 천호대로 346,37.56263793810079,127.05724745183834,성동구,,2024-05-01,2024-05-10,2025-05-31
"2024년 6,7호선 궤도시설 보수보강공사",False,서울특별시 성동구 천호대로 346,37.56263793810079,127.05724745183834,성동구,,2024-06-01,2024-06-17,2025-06-15
5~8호선 소방설비 유지보수 단가계약,False,서울특별시 성동구 천호대로 346,37.56263793810079,127.05724745183832,성동구,,2023-05-01,2023-05-22,2025-12-31
7호선 가산디지털단지역 부대공사(교통신호기)(53공구),False,서울특별시 성동구 천호대로 346,37.56263793810079,127.05724745183832,성동구,,2023-06-01,2023-06-12,2025-11-30
가산디지털단지역 4번 출구 에스컬레이터 소방공사(53공구),False,서울특별시 성동구 천호대로 346,37.56263793810079,127.05724745183832,성동구,,2023-06-01,2023-06-26,2025-07-21
"이문-2 소구역 하수관로 정비공사(1권역, 장기)-1차",False,서울 동대문구 회기로18길 2,37.59111907756293,127.05180717347702,동대문구,48.1,2023-12-01,2023-12-28,2026-01-24
"2호선 ATS설비 개량 관련 설치 및 철거공사(합정~삼성, 성수지선)",False,서울 성동구 아차산로 100,37.5445888153751,127.056066999327,성동구,,2024-05-01,2024-05-21,2025-11-17
신반포로 장기사용 배수관 정비공사 (장기1차-단가계약),False,서울 서초구 신반포로 지하 17,37.501025262551074,126.98649691461206,서초구,,2024-05-01,2024-05-23,2025-11-29
구산동 공공복합시설 신축공사,False,서울 은평구 서오릉로 185-1,37.6130349635148,126.912741798132,은평구,,2024-07-01,2024-07-01,2026-07-11
구산동 공공복합시설 신축 기계소방공사,False,서울특별시 은평구 서오릉로 185,37.61310262728384,126.91274115276764,은평구,,2024-08-01,2024-08-19,2026-08-19
성산대교 본교 성능개선공사,False,서울시 마포구 망원동 ~ 영등포구 양화동일대(성산대교),37.552441216481455,126.89127873817472,마포구,1209.252,2021-01-01,2021-01-18,2025-10-25
"이문-2 소구역 하수관로 정비공사(2권역, 장기) - 1차",False,서울 동대문구 왕산로9길 15,37.58699190884726,127.06240746765457,동대문구,,2023-12-01,2023-12-28,2026-01-24
구산동 공공복합시설 신축 소방전기공사,False,서울특별시 은평구 갈현로17길 10,37.6117570303308,126.910376186526,은평구,,2024-07-01,2024-07-04,2026-07-11
구산동 공공복합시설 신축 전기공사,False,서울특별시 은평구 갈현로17길 10,37.6117570303308,126.910376186526,은평구,,2024-07-01,2024-07-04,2026-07-11
동부간선도로 지하화 민간투자사업(2공구),False,서울 성동구 자동차시장3길 64,37.55477975538647,127.06532307637862,성동구,2787.9,2024-08-01,2024-08-23,2029-09-01
2024~25년 교량 경관조명 유지보수공사(연간단가),False,서울 마포구 망원동 306-53,37.55195720196599,126.89108479225966,마포구,,2024-06-01,2024-06-11,2025-06-30
영등포로터리 구조개선사업 (장기1차),False,서울 영등포구 버드나루로 1 주변,37.518473082510255,126.912458380129,영등포구,104.2,2023-11-01,2023-11-09,2025-07-16
새장골 공영주차장 복합시설 신축공사,False,서울 은평구 통일로92다길 16-23,37.6244558104484,126.92354648632602,은평구,46.8,2023-12-01,2023-12-22,2025-12-20
새장골 공영주차장 복합시설 기계소방공사(1차),False,서울 은평구 불광동 480-352,37.62446301613678,126.92354308060932,은평구,,2024-02-01,2024-02-29,2026-03-03
새장골 공영주차장 복합시설 소방전기공사(1차),False,서울 은평구 불광동 480-352,37.62446301613678,126.92354308060932,은평구,,2024-02-01,2024-02-26,2026-03-03
새장골 공영주차장 복합시설 전기공사(1차),False,서울 은평구 불광동 480-352,37.62446301613678,126.92354308060932,은평구,,2024-02-01,2024-02-29,2026-03-07
동부간선도로 지하화 민간투자사업(1공구),False,서울 성동구 자동차시장3길 64,37.53392446650511,127.05996463565612,성동구,4180.3,2024-08-01,2024-08-23,2029-09-01
국회대로 도로다이어트구간 조성공사(장기1차),False,서울 영등포구 국회대로 608,37.52641552696126,126.90117575039012,영등포구,,2022-12-01,2022-12-09,2025-12-31
국회대로 도로다이어트구간 전기공사(장기1차),False,"서울 양천구 목동로25길 6, 화창빌딩 4층",37.52707693957218,126.90019629955354,양천구,16.0,2023-01-01,2023-01-18,2025-12-31
반포배수지(3지) 내부 방식공사 (장기계속공사),False,서울 서초구 서초동 산 180-1,37.49537125510691,127.003858379724,서초구,,2024-08-01,2024-08-02,2025-08-10
이문-1 소구역 하수관로 정비공사(장기),False,서울 동대문구 외대역동로 114-1,37.59964096554862,127.06402604296636,동대문구,,2023-12-01,2023-12-28,2026-01-24
구립연꽃어린이집 대체신축 기계소방공사,False,서울특별시 동작구 성대로16길 21,37.497526156006586,126.93739565415798,동작구,,2023-11-01,2023-11-29,2025-06-09
구립연꽃어린이집 대체신축 소방(전기)공사,False,서울특별시 동작구 성대로16길 21,37.497526156006586,126.93739565415798,동작구,,2023-11-01,2023-11-21,2025-06-09
구립연꽃어린이집 대체신축 전기공사,False,서울특별시 동작구 성대로16길 21,37.497526156006586,126.93739565415798,동작구,,2023-11-01,2023-11-20,2025-06-09
구립연꽃어린이집 대체신축 정보통신공사,False,서울특별시 동작구 성대로16길 21,37.497526156006586,126.93739565415798,동작구,,2023-11-01,2023-11-20,2025-06-09
2024년 영등포구 관내 상수도공사 (장기1차-단가계약),False,서울특별시 영등포구 당산로 123,37.5263617665219,126.89627166361284,영등포구,,2024-05-01,2024-05-29,2025-06-30
영등포구청역 외 2역 승강편의시설 설치 전기공사(61공구),False,서울특별시 영등포구 당산로 지하 121,37.52583053114021,126.89667739939,영등포구,,2024-01-01,2024-01-15,2026-07-04
"24/25 도로기전시설 ibw 유지보수공사(연간단가, 장기계속)",False,서울특별시 마포구 가양대로 203,37.586042243404,126.884855623214,마포구,,2024-06-01,2024-06-26,2025-06-30
24/25 도로터널 소방시설물 유지보수공사(연간단가) - 장기계속 1차,False,서울특별시 마포구 가양대로 203,37.586042243404,126.884855623214,마포구,,2024-07-01,2024-07-01,2025-06-30
24/25년 도로시설물 경관조명 유지보수공사(연간단가),False,서울특별시 마포구 가양대로 203,37.586042243404,126.884855623214,마포구,,2024-07-01,2024-07-01,2025-06-30
동부간선도로 지하화 민간투자사업(4공구),False,서울 성동구 자동차시장3길 64,37.58997926864343,127.06945259467224,성동구,,2024-08-01,2024-08-23,2029-09-01
동부간선도로 지하화 민간투자사업(3공구),False,서울 동대문구 천호대로 425,37.56734330815208,127.07436671446084,동대문구,1554.5,2024-08-01,2024-08-23,2029-09-01
5호선 영등포구청역 등 3역 승강편의시설 설치 정보통신공사(61공구),False,서울특별시 영등포구 양산로 지하 116,37.5242291583027,126.895322094259,영등포구,,2024-07-01,2024-07-03,2026-09-15
7호선 건대입구변전소 노후전력설비 개량공사,False,서울 광진구 능동로 지하 110,37.5408686005702,127.071104284458,광진구,,2024-06-01,2024-06-10,2025-07-21
이문2동 복합청사 및 공영주차장 건립 전기공사(장기)1차,False,서울특별시 동대문구 신이문로 27-5,37.6033938927017,127.065120950077,동대문구,,2024-06-01,2024-06-21,2026-02-28
이문2동 복합청사 및 공영주차장 건립 통신공사(장기)1차,False,서울특별시 동대문구 신이문로 27-5,37.6033938927017,127.065120950077,동대문구,,2024-05-01,2024-05-30,2026-02-28
2024년 2호선 강남구간 궤도시설 보수보강공사,False,서울특별시 강남구 강남대로 지하 396,37.49808633653005,127.02800140627488,강남구,,2024-06-01,2024-06-19,2025-06-25
2024년 2호선 강남구간 궤도시설 보수보강공사에 따른 신호설비공사,False,서울특별시 강남구 강남대로 지하 396,37.49808633653005,127.02800140627488,강남구,,2024-09-01,2024-09-23,2025-09-26
강남역 지하도상가 편의시설(ES) 설치공사(전기),False,서울 강남구 역삼동 858,37.4977358827516,127.027841823871,강남구,,2024-05-01,2024-05-23,2025-05-23
동부간선 지하화(영동대로)건설공사,False,"서울 용산구 한강대로 256, 3층",37.51829323130824,127.05765584587417,용산구,3638.0,2023-02-01,2023-02-16,2029-02-15
2023년~2025년 양지사 열수송관 천공 및 부단수 공사,False,"서울특별시 양천, 구로, 강서, 노원, 중랑, 도봉구 등",37.53902309927679,126.883262418864,도봉구,,2023-12-01,2023-12-05,2025-12-03
2024~2025년 적산열량계 원격검침용 통신모뎀 설치공사,False,서울 양천구 목동 900,37.53902309927679,126.883262418864,양천구,,2024-06-01,2024-06-11,2025-12-31
2024년~2025년 사용자 기계실 연산부 전원설치 공사,False,서울 양천구 목동 900,37.53902309927679,126.883262418864,양천구,,2024-04-01,2024-04-30,2025-08-31
3호선 녹번역 등 2역 승강편의시설 설치공사(62공구),False,서울 강북구 도봉로 지하 338(수유역#5),37.63719994773167,127.02455151257428,강북구,,2023-10-01,2023-10-16,2026-04-05
"(가칭)관악문화복지타운 건립공사(건축,토목,기계,조경)",False,서울 관악구 구암5길 31,37.49016171211692,126.94743153323206,관악구,,2023-07-01,2023-07-19,2025-08-05
벌말어린이공원 토양정화 및 공원조성 사업 조경분야 공사,False,서울특별시 강북구 오현로 207,37.629710391464805,127.039826780912,강북구,,2024-01-01,2024-01-05,2025-06-30
2024년 4호선 궤도시설 보수보강공사에 따른 신호설비공사,False,서울특별시 강북구 도봉로 지하 338,37.63788539420791,127.02550910860452,강북구,,2024-09-01,2024-09-30,2025-10-06
안양천교 자전거도로 구조개선 공사(장기계속),False,서울 강서구 영창로동 221-3,37.55370672261477,126.8770966152578,강서구,107.9626,2023-10-01,2023-10-05,2026-02-25
정원박람회 전시정원 및 녹지대 정비공사(연간단가),False,서울 광진구 자양동 427-6,37.52929744334151,127.06892112991,광진구,,2024-09-01,2024-09-06,2025-09-08
제2자유로 종점부(난지도길) 입체화공사 (구룡교 확장) (장기1차),False,경기도 고양시 덕양구 덕은동 269-12,37.57996954967758,126.87596097767168,덕양구,151.5,2024-02-01,2024-02-26,2026-03-11
2024년 강북구 관내 상수도시설물 설치 및 보수공사(장기계속단가계약),False,서울특별시 강북구 한천로 935,37.63413814442191,127.0360666970556,강북구,,2024-07-01,2024-07-03,2025-06-30
2024년 노원구 관내 급수공사(장기계속단가계약),False,서울특별시 강북구 한천로 935,37.63413814442191,127.0360666970556,강북구,,2024-06-01,2024-06-03,2025-06-30
"2024년 도봉,노원구관내 상수도시설물 설치 및 보수공사(장기계속공사)",False,서울특별시 강북구 한천로 935,37.63413814442191,127.0360666970556,강북구,,2024-04-01,2024-04-03,2025-06-30
"2024년 도봉구 관내 상수도공사(장기계속단가계약, 1차)",False,서울특별시 강북구 한천로 935,37.63413814442191,127.0360666970556,강북구,,2024-06-01,2024-06-28,2025-06-30
2024년 미아동외 6개동 상수도공사(장기계속단가계약)-1차,False,서울특별시 강북구 한천로 935,37.63413814442191,127.0360666970556,강북구,,2024-06-01,2024-06-20,2025-06-30
2024년 북부수도 관내 포장도로 굴착복구공사(장기계속단가계약),False,서울 강북구 한천로 935,37.63413814442191,127.0360666970556,강북구,,2024-06-01,2024-06-12,2025-06-30
2024년 북부수도사업소 관내 긴급누수복구공사(장기계속단가계약),False,서울 강북구 한천로 935,37.63413814442191,127.0360666970556,강북구,,2024-05-01,2024-05-31,2025-06-30
2024년 수유동외 5개동 상수도공사(장기계속단가계약),False,서울특별시 강북구 한천로 935,37.63413814442191,127.0360666970556,강북구,,2024-07-01,2024-07-02,2025-06-30
"2024년-2차 도봉,노원구관내 상수도시설물 설치 및 보수공사(장기계속공사, 1차)",False,서울특별시 강북구 한천로 935,37.63413814442191,127.0360666970556,강북구,,2024-07-01,2024-07-16,2025-06-30
24/25년 도로기전시설물 유지보수공사(북부-연간단가),False,서울특별시 강북구 한천로 913,37.63369181736734,127.0371597482853,강북구,,2024-06-01,2024-06-20,2025-06-30
도시안전종합시설 소방공사,False,서울특별시 은평구 진관2로 29-16,37.6361708546711,126.919841952586,은평구,,2023-12-01,2023-12-13,2025-12-31
영동대로 지하공간 복합개발 1공구 건설공사(토목),False,서울 강남구 영동대로 520 봉은사역 일원,37.51388562646894,127.06103446061552,강남구,2951.03,2021-02-01,2021-02-09,2028-10-31
영동대로 지하공간 복합개발 2공구 건설공사(토목),False,서울 강남구 영동대로 513,37.51255204750333,127.06121434831093,강남구,,2021-05-01,2021-05-04,2028-10-31
서부간선도로 일반도로화 및 친환경공간 조성공사,False,서울 영등포구 국회대로 494,37.52431288101962,126.88277853807864,영등포구,899.66192,2023-06-01,2023-06-30,2026-07-08
긴고랑로(중곡사거리~용마사거리) 도로구조 개선공사(장기계속) 1차,False,서울 광진구 중곡동 266-5,37.5593171058351,127.087682190023,광진구,,2024-08-01,2024-08-02,2025-12-30
"중랑구 제2교육지원센터 신축공사(건축, 기계)",False,서울 중랑구 면목로 298,37.579013391447006,127.08696715943202,중랑구,38.4,2024-06-01,2024-06-10,2025-08-24
중랑구 제2교육지원센터 신축공사(전기),False,서울특별시 중랑구 면목로 298,37.579013391447006,127.08696715943202,중랑구,,2024-09-01,2024-09-20,2025-08-31
도림천고가 보수공사(장기계속),False,서울 영등포구 경인로71길 6,37.51171123803424,126.89102114445896,영등포구,,2022-06-01,2022-06-30,2025-06-13
은평 문화공원3 문화재 보수정비공사,False,서울시 은평구 진관동 산100-35,37.63982594634256,126.91592482880448,은평구,16.67193,2022-07-01,2022-07-25,2025-07-26
중랑 패션봉제 스마트앵커 건설공사,False,"서울시 중랑구 상봉동 110-38,39",37.593010524996025,127.0841894903732,중랑구,160.748752,2023-12-01,2023-12-11,2026-07-29
영동대로 지하공간 복합개발 3공구 건설공사(토목),False,서울 강남구 영동대로 513,37.50963158877414,127.06349666679147,강남구,2562.6,2021-02-01,2021-02-05,2028-10-31
천호대로 장기사용 배수관 정비 공사용 전기 설치공사,False,서울 광진구 중곡동 471-1,37.55357080723229,127.08853894810528,광진구,,2024-08-01,2024-08-20,2025-11-30
"2024년 관악, 금천구 관내 상수도 시설물공사 (장기1차-단가계약)",False,서울특별시 동작구 여의대방로10길 97,37.49241786459901,126.91498782596886,동작구,,2024-06-01,2024-06-07,2025-05-31
2024년 금천구 관내 상수도공사(장기계속단가계약),False,서울특별시 동작구 여의대방로10길 97,37.49241786459901,126.91498782596886,동작구,,2024-06-01,2024-06-19,2025-06-30
2024년 대학동 외 10개동 상수도공사(장기1차-단가),False,서울특별시 동작구 여의대방로10길 97,37.49241786459901,126.91498782596886,동작구,,2024-05-01,2024-05-17,2025-06-30
2024년 동작 영등포구 관내 상수도시설물 설치 및 보수공사(장기1차),False,서울특별시 동작구 여의대방로10길 97,37.49241786459901,126.91498782596886,동작구,,2024-06-01,2024-06-11,2025-06-30
2024년 청룡동 외 9개동 상수도공사(장기1차단가계약),False,서울특별시 동작구 여의대방로10길 97,37.49241786459901,126.91498782596886,동작구,,2024-04-01,2024-04-23,2025-06-30
면목동 도서관/주차장 복합시설 신축공사(통신),False,서울특별시 중랑구 면목로 397,37.58742636394388,127.08764495481472,중랑구,,2023-04-01,2023-04-11,2026-01-02
도림천 CSOs간이처리시설 설치공사 (장기계속),False,서울 관악구 신림동 1472-5,37.489753159940825,126.919525118978,관악구,,2024-09-01,2024-09-10,2025-06-30
"2호선 ATS설비 개량 관련 설치 및 철거공사(삼성~신림, 차량기지, 2호선 기계실)",False,서울 구로구 새말로 지하 117-21,37.50822219153535,126.89161095407636,구로구,,2024-05-01,2024-05-21,2025-11-17
"2호선 ATS설비 개량 관련 설치 및 철거공사(당산~신림, 신정지선)",False,서울 동작구 남부순환로 지하 2089,37.47656223234824,126.98155858357366,동작구,,2024-05-01,2024-05-22,2025-11-17
국제교류 복합지구 도로개선사업(1공구) 우선시공분,False,서울 강남구 테헤란로115길 30(삼성동),37.51145823809334,127.06779627589935,강남구,400.42069,2021-11-01,2021-11-22,2026-10-10
1~4호선 건축시설물 유지보수공사(단가계약),False,서울 서초구 효령로 5,37.47630148696379,126.9854838790672,서초구,27.7,2023-03-01,2023-03-20,2026-03-19
2024년 도곡초등학교 보행환경 개선사업 공사,False,서울특별시 강남구 선릉로64길 33,37.49949977882488,127.05448621397346,강남구,,2024-09-01,2024-09-30,2025-06-30
(가칭)관악문화복지타운 건립 공사(소방),False,서울특별시 관악구 관악로 145,37.47836837614069,126.951561853867,관악구,,2022-12-01,2022-12-12,2025-06-12
(가칭)관악문화복지타운 건립 공사(전기),False,서울특별시 관악구 관악로 145,37.47836837614069,126.951561853867,관악구,,2022-12-01,2022-12-12,2025-06-12
(가칭)관악문화복지타운 건립 공사(통신),False,서울특별시 관악구 관악로 145,37.47836837614069,126.951561853867,관악구,,2022-12-01,2022-12-09,2025-06-12
대림3동 공공복합청사 건립 소방기계 공사(1차),False,서울특별시 영등포구 가마산로 364,37.50094594718494,126.89903571869212,영등포구,,2024-06-01,2024-06-13,2026-02-14
대림3유수지 종합체육시설 건립 소방기계 공사,False,서울 영등포구 대림동 611,37.5041228195398,126.894822015355,영등포구,,2024-04-01,2024-04-03,2025-11-30
대림3유수지 종합체육시설 건립 소방전기 공사(1차),False,서울 영등포구 대림동 611,37.5041228195398,126.894822015355,영등포구,,2024-04-01,2024-04-08,2026-01-07
대림3유수지 종합체육시설 건립 전기공사,False,서울 영등포구 대림동 611,37.5041228195398,126.894822015355,영등포구,,2023-12-01,2023-12-28,2026-01-07
대림3유수지 종합체육시설 건립 통신공사(1차),False,서울 영등포구 대림동 611,37.5041228195398,126.894822015355,영등포구,,2024-04-01,2024-04-11,2026-01-07
잠실종합운동장 주경기장 리모델링공사,False,서울 송파구 올림픽로 25,37.515852166006034,127.0727885566667,송파구,3334.8,2019-12-01,2019-12-13,2026-12-30
국제교류 복합지구 도로개선사업(2공구) 우선시공분,False,서울 강남구 테헤란로115길 30,37.51025975340238,127.06805533358757,강남구,580.0,2021-11-01,2021-11-22,2025-05-21
천호대로 장기사용 배수관 정비공사(장기1차),False,서울 동대문구 답십리로60길 134,37.54920264775432,127.09222858166352,동대문구,,2024-06-01,2024-06-28,2025-09-07
구로1-1 소구역 하수관로 정비공사(2권역)-장기계속,False,서울 구로구 가마산로 245,37.50555202220066,126.8901026951016,구로구,,2024-07-01,2024-07-03,2027-07-21
구파발천 수변활력거점 조성사업,False,서울 은평구 진관동 72-23,37.64409987890268,126.91420623315,은평구,22.7,2024-07-01,2024-07-23,2025-06-30
구파발천 수변활력거점 조성사업 전기공사,False,서울 은평구 진관동 30,37.644135784184456,126.9140220667694,은평구,,2024-08-01,2024-08-30,2025-07-11
월계배수지(1지) 내부 방식공사(장기계속-1차),False,서울 노원구 마들로5가길 113,37.63866882432237,127.0516220712514,노원구,,2024-06-01,2024-06-12,2025-06-30
대림3동 공공복합청사 건립공사(건축+토목+기계+조경),False,서울 영등포구 대림로 197,37.498315052716194,126.898036178938,영등포구,,2024-01-01,2024-01-10,2026-02-14
대림3동 공공복합청사 건립 소방전기 공사(1차),False,서울특별시 영등포구 대림로 197,37.49830243962296,126.89803732695844,영등포구,,2024-04-01,2024-04-26,2026-02-14
대림3동 공공복합청사 건립 전기공사(1차),False,서울특별시 영등포구 대림로 197,37.49830243962296,126.89803732695844,영등포구,,2024-04-01,2024-04-24,2026-02-14
면목동 도서관/주차장 복합시설 신축공사(건축),False,서울시 중랑구 면목동 1081-1,37.580789135621,127.093822946237,중랑구,,2023-04-01,2023-04-27,2025-12-04
대림3동 공공복합청사 건립 통신공사(1차),False,서울특별시 영등포구 대림로 197,37.4982542558646,126.8980605752956,영등포구,,2024-04-01,2024-04-24,2026-02-14
2024년 서초?강남구 관내  상수도 긴급누수복구공사 (장기1차),False,서울 서초구 바우뫼로15길 108,37.4818456114657,127.027500244903,서초구,,2024-05-01,2024-05-13,2025-06-30
신월1-4소구역 하수관로 정비공사,False,서울 양천구 목동중앙남로 27,37.536774241305686,126.866303216882,양천구,,2024-07-01,2024-07-25,2026-07-31
서초 성뒤마을 공공주택지구 석면 해체 및 지장물 철거공사,False,서울특별시 서초구 방배동 565-2번지 ,37.4735204468012,126.989990239304,서초구,,2024-05-01,2024-05-13,2025-05-15
2024년 토목건축 정수시설물 유지관리공사 (단가계약)(장기계속),False,서울특별시 광진구 광나루로 571,37.54595668537912,127.09294993151278,광진구,,2024-05-01,2024-05-09,2025-06-30
도림천 CSOs 간이처리시설 설치공사(1차),False,서울 양천구 신정동 1278-2,37.5174152088785,126.87697291239,양천구,,2024-09-01,2024-09-13,2025-06-30
2024년 남부수도사업소 관내 포장도로 굴착복구공사(장기1차단가계약),False,서울 노원구 동일로179길 12-3,37.622129724325184,127.07319789231322,노원구,,2024-05-01,2024-05-03,2025-06-30
"2024, 2025년 도로기전 시설물 유지보수공사 (연간단가-남부)-장기계속",False,서울특별시 영등포구 도림로 145,37.49427486701288,126.897951207031,영등포구,,2024-06-01,2024-06-25,2025-06-30
24/25년 교량 경관조명 유지보수공사(연간단가)-장기계속계약,False,서울특별시 영등포구 도림로 145,37.49427486701288,126.897951207031,영등포구,,2024-07-01,2024-07-12,2025-06-30
홍련봉 보루 유구보호시설 건립 공사,False,서울 광진구 영화사로 135,37.552369574155065,127.09792486788012,광진구,,2021-06-01,2021-06-07,2025-09-18
봉화산 옹기가마체험장 조성사업(조경),False,서울 중랑구 묵동 산 46-19,37.60857753365413,127.08709217385756,중랑구,,2023-12-01,2023-12-20,2025-09-30
봉화산 옹기가마체험장 조성사업(통신),False,서울 중랑구 묵동 산 46-19,37.60857753365413,127.08709217385756,중랑구,,2023-12-01,2023-12-20,2025-09-30
도림천 단면확장 사업,False,서울 관악구 신림동 808-383,37.47526267809685,126.93651546363712,관악구,67.4,2022-10-01,2022-10-05,2025-06-30
구로1-1 소구역 하수관로 정비공사(1권역)-장기계속,False,서울 구로구 가마산로 245,37.50183676799988,126.886805844468,구로구,,2024-07-01,2024-07-04,2027-07-21
2023년~2025년 동부지사 열수송관 보수공사,False,서울 노원구 덕릉로70길 99,37.64003521894343,127.0582823144596,노원구,,2023-11-01,2023-11-07,2025-11-13
2024년 강서수도사업소 관내 포장도로 굴착복구공사(장기계속단가계약),False,서울 양천구 목동동로 155,37.51949713196909,126.86996969256454,양천구,,2024-06-01,2024-06-13,2025-06-30
2024년 강서구 관내 상수도시설물설치 및 보수공사(장기계속단가계약),False,서울 양천구 신정동 319-15,37.51959777231752,126.869722918251,양천구,,2024-05-01,2024-05-02,2025-06-30
2024년 고척1동 외 8개동 상수도공사 (장기계속단가계약),False,서울 양천구 신정동 319-15,37.51959777231752,126.869722918251,양천구,,2024-06-01,2024-06-14,2025-06-30
2024년 구로1동 외 6개동 상수도공사 (장기계속단가계약),False,서울 양천구 신정동 319-15,37.51959777231752,126.869722918251,양천구,,2024-06-01,2024-06-13,2025-06-30
2024년 구로구 관내 상수도시설물 설치 및 보수공사(장기계속단가계약),False,서울 양천구 신정동 319-15,37.51959777231752,126.869722918251,양천구,,2024-06-01,2024-06-10,2025-06-30
2024년 등촌1동외 8개동 상수도공사(장기계속단가계약),False,서울 양천구 신정동 319-15,37.51959777231752,126.869722918251,양천구,,2024-06-01,2024-06-20,2025-06-30
2024년 양천구 관내 상수도공사 (장기계속단가계약),False,서울 양천구 신정동 319-15,37.51959777231752,126.869722918251,양천구,,2024-06-01,2024-06-04,2025-06-30
2024년 양천구 관내 상수도시설물설치 및 보수공사(장기계속단가계약),False,서울 양천구 신정동 319-15,37.51959777231752,126.869722918251,양천구,,2024-05-01,2024-05-31,2025-06-30
2024년 우장산동 외 10개동 상수도공사(장기계속단가계약),False,서울 양천구 신정동 319-15,37.51959777231752,126.869722918251,양천구,,2024-05-01,2024-05-20,2025-06-30
2024년 강서수도사업소 관내 긴급누수복구공사 (장기계속단가계약),False,서울 양천구 목동동로 155,37.51948333648147,126.86971519888168,양천구,,2024-05-01,2024-05-31,2025-06-30
[장기계속공사]「말죽거리근린공원 조성사업(토목?건축?기계)-1차분,False,서울 서초구 양재동 산20-2 일대,37.479837419546826,127.03742260395452,서초구,,2023-12-01,2023-12-14,2025-06-30
도시안전종합시설 건설공사,False,서울 은평구 통일로 1190,37.64807633800386,126.90645949883624,은평구,,2023-06-01,2023-06-26,2025-12-13
신림~봉천터널 도로건설공사(2공구),False,서울특별시 관악구 신림동 산9-10,37.4700196052537,126.94732129277172,관악구,2854.2,2010-10-01,2010-10-08,2026-12-31
도시안전종합시설 통신공사,False,서울 은평구 진관동 75-4,37.648136017397,126.906389169424,은평구,,2023-11-01,2023-11-30,2025-12-31
2024년 강남구 관내  상수도시설물 설치 및 소화전 보수공사(장기1차-단가),False,서울특별시 강남구 양재천로 199,37.4834217905569,127.047062019944,강남구,,2024-05-01,2024-05-27,2025-06-30
2024년 논현1동 외 6개동 상수도공사 (장기1차단가계약),False,서울특별시 강남구 양재천로 199,37.4834217905569,127.047062019944,강남구,,2024-04-01,2024-04-18,2025-06-30
2024년 도곡1동 외 14개동 상수도공사(장기1차-단가),False,서울특별시 강남구 양재천로 199,37.4834217905569,127.047062019944,강남구,,2024-05-01,2024-05-27,2025-06-30
2024년 서초구 관내 상수도공사 (장기계속단가계약),False,서울특별시 강남구 양재천로 199,37.4834217905569,127.047062019944,강남구,,2024-06-01,2024-06-27,2025-06-30
2024년 서초구 관내 상수도시설물 설치 및 소화전보수공사(장기1차단가),False,서울특별시 강남구 양재천로 199,37.4834217905569,127.047062019944,강남구,,2024-06-01,2024-06-05,2025-06-30
봉화산 옹기가마체험장 조성사업(건축),False,서울 중랑구 신내동 779-6,37.6127611959015,127.089605764338,중랑구,,2023-12-01,2023-12-27,2025-09-30
봉화산 옹기가마체험장 조성사업(전기),False,서울 중랑구 신내동 779-6,37.6127611959015,127.089605764338,중랑구,,2023-12-01,2023-12-18,2025-09-30
신림공영차고지(저류조포함) 건설 전기공사,False,서울 관악구 신림로 24,37.4694759586204,126.947171439315,관악구,18.4,2020-09-01,2020-09-29,2025-12-31
신림공영차고지(저류조 포함)조성공사[장기1차],False,서울 관악구 신림로 24,37.469510099568815,126.94635512701775,관악구,849.138,2018-09-01,2018-09-14,2025-12-31
신림공영차고지(저류조 포함) 건설 통신공사(장기1차),False,서울 관악구 신림동 138-14,37.469487417282046,126.94601036016805,관악구,4.8,2021-06-01,2021-06-21,2025-12-31
신정차량기지 전선로 개량공사,False,서울 양천구 목동로3길 41,37.51360067804012,126.869706196765,양천구,,2024-04-01,2024-04-26,2025-10-24
잠실새내 변전소 소방설비 개량공사,False,서울특별시 송파구 올림픽로 지하 140,37.51162635872958,127.08631432791302,송파구,,2024-06-01,2024-06-13,2025-10-09
4호선 전선로 개량공사(남태령),False,서울 서초구 과천대로 지하 816,37.46424995585251,126.98908526770698,서초구,,2024-04-01,2024-04-26,2025-06-26
"양천구 보육타운 건립 공사(건축, 토목) (1차)",False,서울 양천구 목동남로4길 38,37.5109815557832,126.868977822041,양천구,118.1,2023-06-01,2023-06-30,2025-06-29
양천구 보육타운 건립 기계소방공사(1차),False,서울특별시 양천구 목동남로 94,37.5109815557832,126.868977822041,양천구,,2023-09-01,2023-09-07,2025-11-14
양천구 보육타운 건립 소방전기공사(1차),False,서울특별시 양천구 목동남로 94,37.5109815557832,126.868977822041,양천구,,2023-09-01,2023-09-25,2025-11-14
양천구 보육타운 건립 정보통신공사(1차),False,서울특별시 양천구 목동남로 94,37.5109815557832,126.868977822041,양천구,,2023-09-01,2023-09-18,2025-11-14
우면종합사회복지관 증축공사(전기),False,서울특별시 서초구 바우뫼로7길 11,37.470218076417886,127.02422548741522,서초구,,2024-09-01,2024-09-24,2025-06-06
잠실대교 남단IC 연결체계 개선 전기공사(장기1차),False,서울특별시 송파구 잠실동 1-1일대,37.5180277710706,127.0925521732537,중구,5.63512,2021-02-01,2021-02-09,2025-11-30
도시고속도로 연결램프(화랑로 진출입) 설치 전기공사,False,서울 중랑구 신내동 639,37.61793639623742,127.091466171331,중랑구,11.7,2021-12-01,2021-12-03,2025-05-22
24/25년 가로등 및 경관조명 유지보수공사(연간단가),False,서울 강남구 대치동 2,37.4973402331792,127.075477854065,강남구,,2024-07-01,2024-07-04,2025-06-30
24/25년 터널 및 지하차도 기전시설물 유지보수공사(연간단가),False,서울 강남구 대치동 2,37.4973402331792,127.075477854065,강남구,,2024-07-01,2024-07-01,2025-06-30
동북선 도시철도 민간투자사업 건설공사(3공구),False,서울 노원구 노원로 238,37.639229432119976,127.07480086961698,노원구,1751.925,2018-08-01,2018-08-17,2026-07-14
신림~봉천터널 도로건설공사(1공구),False,관악구 신림동 1667-9 ~ 신림동 393-1,37.47969374474193,126.90099423602912,관악구,4690.2,2010-10-01,2010-10-05,2026-12-31
개포3동 복합문화센터 신축공사(전기),False,서울특별시 강남구 개포로 607,37.49215518834181,127.07365604184874,강남구,,2024-03-01,2024-03-25,2026-03-21
"개포3동 복합문화센터 신축공사(건축,토목,기계,조경)",False,서울 강남구 개포로 607,37.4921515712713,127.07367695768302,강남구,83.0,2024-02-01,2024-02-27,2026-03-21
[계속비공사] 구룡공영주차장 신축공사(통신),False,서울특별시 금천구 독산로107길 13,37.47799599194892,126.902861906648,금천구,,2023-10-01,2023-10-04,2026-02-05
창동상계 동서간 연결교량 건설 전기공사 (장기계속-1차),False,서울 노원구 상계동 813-2,37.65451599700699,127.0541403232962,노원구,,2024-07-01,2024-07-16,2026-06-30
일원-1 소구역 하수관로 정비사업(장기계속),False,서울 강남구 개포로,37.492100465838384,127.07471043752756,강남구,85.4,2023-12-01,2023-12-29,2026-07-07
[계속비공사] 구룡공영주차장 신축공사(소방),False,서울 서초구 동산로19길 37,37.4742399794056,127.046112288049,서초구,17.9,2023-11-01,2023-11-29,2026-05-15
일원1동 복합문화센터 신축공사(소방),False,서울특별시 강남구 개포로 615,37.49271984570694,127.07551730501343,강남구,,2024-06-01,2024-06-03,2026-05-20
일원1동복합문화센터신축 공사 (통신),False,서울특별시 강남구 개포로 615,37.49271984570694,127.07551730501343,강남구,,2024-06-01,2024-06-03,2026-05-20
개포3동 복합문화센터 신축공사(소방),False,서울특별시 강남구 개포로 615,37.49272827897217,127.075714635715,강남구,,2024-05-01,2024-05-29,2026-03-21
개포3동 복합문화센터 신축공사(통신),False,서울특별시 강남구 개포로 615,37.492739532493125,127.07572878190582,강남구,,2024-05-01,2024-05-28,2026-03-21
"[계속비공사] 구룡공영주차장 신축공사(건축,토목,기계,조경)",False,서울 서초구 언남16길 32,37.47377974292938,127.0456496304126,서초구,285.6,2023-06-01,2023-06-22,2025-10-21
서울아레나 복합문화시설 민간투자사업(BTO),False,서울 도봉구 노해로69길 132,37.6564108431121,127.051957899093,도봉구,3309.0,2022-04-01,2022-04-04,2027-03-30
창동 상계 동서간 연결교량 보차도교 건설공사(장기1차),False,서울 도봉구 창동 1-11 ~ 노원구 상계동 820간,37.65599412974869,127.05299113985434,도봉구,227.931,2021-03-01,2021-03-25,2026-05-31
광암수계 배수관로 정비공사(1공구),False,서울 송파구 삼전로 58,37.50391683050206,127.08825408701736,송파구,678.61,2022-02-01,2022-02-28,2027-08-16
광나루한강공원 수영장 재조성사업 통신공사(장기계속),False,서울 송파구 신천동 257-1,37.526651132449295,127.104586260884,송파구,,2024-04-01,2024-04-19,2025-12-05
진접선(4호선연장) 차량기지 건설 3공구 송변전공사,False,서울 노원구 노원로 573,37.65526294446396,127.05599939022828,노원구,58.6,2024-03-01,2024-03-12,2027-03-31
상계1-3 소구역 하수관로 정비공사(2공구),False,서울 노원구 노해로 437,37.65432477228801,127.05837280762071,노원구,,2024-06-01,2024-06-14,2027-06-30
신림공영차고지(저류조 포함)건설 기계설비공사(장기1차),False,서울특별시 관악구 관악로 1,37.45978574975834,126.9511239870991,관악구,,2023-10-01,2023-10-18,2026-07-02
동부간선도로(창동~상계구간) 지하차도 건설공사,False,서울 도봉구 노해로 331,37.65763347466763,127.05396692811676,도봉구,2088.3,2020-08-01,2020-08-28,2027-01-31
마곡 공공형 지식산업센터 및 건설형 도전숙 복합개발사업 정보통신공사,False,서울특별시 강서구 마곡동 777일원,37.56728728755136,126.83977498211736,강서구,47.8737736,2024-02-01,2024-02-14,2026-03-18
마곡 공공형 지식산업센터 및 건설형 도전숙 복합개발사업 건설공사,False,"서울특별시 강서구 마곡동 마곡도시개발사업구역 D13,D15",37.5674581570941,126.83953974393856,강서구,1044.4299056,2023-11-01,2023-11-06,2026-03-18
"2024년 5, 8호선 철도신호설비 철거 및 설치 공사",False,서울특별시 강서구 강서로 지하 54,37.5322306724471,126.846444264065,강서구,,2024-06-01,2024-06-27,2025-08-07
5호선 까치산역 엘리베이터 제작설치 공사(64공구),False,서울특별시 강서구 강서로 지하 54,37.5322306724471,126.846444264065,강서구,,2024-03-01,2024-03-22,2025-09-15
5~8호선 건축시설물 예방보수공사(2024년-2026년) 단가계약,False,서울 중랑구 용마산로136길 33,37.61201461539051,127.105036405032,중랑구,,2024-03-01,2024-03-04,2026-12-31
생활SOC 금천구 가족센터 복합화시설 신축공사(소방),False,서울특별시 금천구 시흥대로 467,37.475340396657,126.898199670852,금천구,,2023-08-01,2023-08-23,2025-07-03
생활SOC 금천구 가족센터 복합화시설 신축공사(전기),False,서울특별시 금천구 시흥대로 467,37.475340396657,126.898199670852,금천구,,2023-08-01,2023-08-23,2025-07-03
생활SOC 금천구 가족센터 복합화시설 신축공사(통신),False,서울특별시 금천구 시흥대로 467,37.475340396657,126.898199670852,금천구,,2023-08-01,2023-08-24,2025-07-03
마곡 공공형 지식산업센터 및 건설형 도전숙 복합개발사업 전기공사,False,서울시 강서구 마곡동 777 일원,37.568795907426406,126.8377257792402,강서구,93.15641,2024-02-01,2024-02-14,2026-03-18
"송파구민회관 리모델링공사(건축,기계)",False,서울특별시 송파구 백제고분로 242,37.50216779354229,127.09318853137098,송파구,,2024-09-01,2024-09-27,2025-07-06
4호선 노원역 등 2역 승강편의시설 설치 정보통신공사(63공구),False,서울특별시 노원구 상계로 69-1,37.6563403513278,127.063449137455,노원구,,2024-08-01,2024-08-22,2026-08-17
강남순환도시고속도로 건설(8공구),False,서울시 서초구 우면동~과천시 주암동~강남구 수서동(수서IC),37.4636247002181,127.038659915869,서초구,4827.45,2002-07-01,2002-07-03,2026-12-31
7호선 가산디지털단지역 4번 출입구 승강편의시설 설치공사(53공구),False,서울 금천구 벚꽃로 309,37.48039646216183,126.88361881055812,금천구,,2022-12-01,2022-12-15,2025-06-08
7호선 가산디지털단지역 4번 출입구 확장 승강편의시설 설치 전기공사(53공구),False,서울 금천구 가산동 371-28,37.48039596609821,126.882661758356,금천구,,2023-02-01,2023-02-21,2025-08-14
7호선 가산디지털단지역 4번 출입구 확장 정보통신공사(53공구),False,서울 금천구 가산동 371-28,37.48039596609821,126.882661758356,금천구,,2023-02-01,2023-02-27,2025-08-18
7호선 가산디지털단지역 승강편의시설 설치 전기공사(56공구),False,서울 금천구 가산동 371-28,37.48039596609821,126.882661758356,금천구,,2023-05-01,2023-05-11,2025-11-01
7호선 가산디지털단지역 승강편의시설 설치 정보통신공사(56공구),False,서울 금천구 가산동 371-28,37.48039596609821,126.882661758356,금천구,,2023-08-01,2023-08-17,2025-12-09
가산디지털단지역 4번 출구 에스컬레이터 기계공사(53공구),False,서울 금천구 가산동 371-28,37.48039596609821,126.882661758356,금천구,,2023-08-01,2023-08-28,2025-09-22
가산디지털단지역 9번 출입구 승강편의시설 설치 기계공사(56공구),False,서울 금천구 가산동 371-28,37.48039596609821,126.882661758356,금천구,,2023-10-01,2023-10-04,2025-09-29
"일원1동 복합문화센터 신축공사(건축,토목,기계,조경)",False,서울 강남구 양재대로55길 14,37.4918543299375,127.088026176292,강남구,94.6,2024-02-01,2024-02-28,2026-05-20
일원1동 복합문화센터 신축공사(전기),False,서울특별시 강남구 양재대로55길 14,37.49183226665614,127.08801088496756,강남구,,2024-03-01,2024-03-28,2026-05-20
7호선 가산디지털단지역 승강편의시설 설치공사(56공구),False,"가산동 371-9, 가산다지털단지역 9번 출입구",37.48055893904154,126.88164848364916,출입구,,2023-03-01,2023-03-30,2025-09-21
광나루한강공원 수영장 재조성사업(장기계속),False,서울 강동구 선사로 83-106 광나루한강공원 수영장,37.54868996299209,127.12116375213726,강동구,28.9,2024-03-01,2024-03-05,2025-12-05
광나루한강공원 수영장재조성사업 전기공사(장기),False,서울 강동구 천호동 351-1,37.54833856267232,127.12117449959428,강동구,,2024-04-01,2024-04-25,2025-12-05
상계1-3 소구역 하수관로 정비공사(1공구),False,서울 노원구 노해로 437,37.6589001526609,127.065063211208,노원구,70.3,2024-06-01,2024-06-14,2027-06-30
노원구 새활용센터 신축 전기공사,False,서울 노원구 중계동 210-7,37.65471925234985,127.07390698153507,노원구,,2024-08-01,2024-08-02,2025-12-19
노원구 새활용센터 신축 기계공사,False,서울 노원구 중계동 210-7,37.654736107873,127.073895552531,노원구,,2024-07-01,2024-07-30,2025-12-19
노원구 새활용센터 신축 소방공사,False,서울 노원구 중계동 210-7,37.654736107873,127.073895552531,노원구,,2024-07-01,2024-07-30,2025-12-19
노원구 새활용센터 신축 통신공사,False,서울 노원구 중계동 210-7,37.654736107873,127.073895552531,노원구,,2024-08-01,2024-08-02,2025-12-19
2024~25년 도로기전시설물 일상유지보수공사(연간단가)-장기계속공사,False,서울특별시 강서구 양천로 237,37.5734856684869,126.83072886720998,강서구,,2024-06-01,2024-06-25,2025-06-30
오류천 단면 확장공사(3공구),False,서울 구로구 남부순환로 946,37.4924097912693,126.86319805616854,구로구,,2022-12-01,2022-12-14,2029-04-18
2024년 급경사지 비탈면 보수보강 공사,False,서울 강남구 수서동 365-7,37.49142171595588,127.09175041346631,강남구,,2024-09-01,2024-09-02,2025-06-05
"방학-4 소구역 하수관로 정비공사(1권역,장기계속)",False,서울 도봉구 시루봉로27길 23,37.6723187260924,127.042551820317,도봉구,,2024-05-01,2024-05-10,2025-08-16
양곡도매시장 건립 기계설비공사(장기1차),False,서울 서초구 헌릉로 48,37.4621561570257,127.047038515526,서초구,,2024-04-01,2024-04-04,2025-12-31
양곡도매시장 건립 소방공사(장기1차),False,서울 서초구 헌릉로 48,37.4621561570257,127.047038515526,서초구,,2024-04-01,2024-04-02,2025-12-31
양곡도매시장 건립 통신공사(장기1차),False,서울 서초구 헌릉로 48,37.4621561570257,127.047038515526,서초구,,2024-03-01,2024-03-27,2025-12-31
양곡도매시장 건립공사(장기1차),False,서울 서초구 헌릉로 48,37.4615960300481,127.047183975601,서초구,176.8,2023-12-01,2023-12-15,2026-02-15
독산동 우시장 그린푸줏간 조성공사(전기),False,서울특별시 금천구 독산동 293-17,37.46700736036724,126.89556809942457,금천구,15.1,2022-12-01,2022-12-02,2026-01-30
독산동 우시장 그린푸줏간 조성사업 기계공사,False,서울특별시 금천구 독산동 293-17,37.4670261746163,126.89544712057798,금천구,,2022-11-01,2022-11-28,2026-01-31
"독산동 우시장 그린푸줏간 조성공사(건축, 토목, 조경)",False,서울특별시 금천구 독산동 293-17,37.46696221993079,126.89546642640732,금천구,,2022-12-01,2022-12-08,2025-12-30
동북선 도시철도 민간투자사업 건설공사(4공구),False,서울 노원구 덕릉로 688,37.65507007912853,127.07826181798904,노원구,1632.0,2018-08-01,2018-08-17,2026-07-14
디지털3단지~두산길간 지하차도건설공사,False,서울특별시 금천구 벚꽃로 172  (독산동),37.47064486173931,126.88783639090065,금천구,524.2035,2017-12-01,2017-12-20,2026-09-26
2024년 강남수도사업소  관내 포장도로 굴착복구공사 (연간단가계약),False,서울 강남구 광평로39길 84,37.4913850736898,127.097015214745,강남구,,2024-06-01,2024-06-19,2025-06-30
성내2동 도시재생거점시설 및 경로당 신축 소방시설공사(,False,서울특별시 강동구 성내로 25,37.530193319622605,127.123792501253,강동구,,2023-12-01,2023-12-11,2025-06-02
성내2동 도시재생거점시설 및 경로당 신축 전기공사(1차),False,서울특별시 강동구 성내로 25,37.530193319622605,127.123792501253,강동구,,2023-12-01,2023-12-26,2025-06-17
4호선 노원역 등 2역 승강편의시설 설치공사(63공구),False,"노원역 10번 출입구 E/S, 상계역 당고개방면 내부 E/L",37.661289577764165,127.0740409953214,출입구,,2024-02-01,2024-02-02,2026-07-31
2024년 탄천1고가교 외 2개소 교면포장 및 시설물 보수공사,False,서울 강남구 수서동 720,37.49265847697595,127.09992184864464,강남구,,2024-09-01,2024-09-06,2025-06-03
강서구 통합신청사 건립 소방공사,False,서울 강서구 마곡동 745-3,37.561287860632895,126.823254760441,강서구,,2024-03-01,2024-03-11,2026-09-10
"강서구 통합신청사 건립공사(건축,토목,조경,기계)",False,서울시 강서구 마곡동 745-3,37.561287860632895,126.823254760441,강서구,,2023-04-01,2023-04-03,2026-08-05
강서구 통합신청사 건립공사(전기공사),False,서울 강서구 마곡동 745-3,37.561287860632895,126.823254760441,강서구,,2024-02-01,2024-02-28,2026-08-31
강서구 통합신청사 건립공사(통신공사),False,서울 강서구 마곡동 745-3,37.561287860632895,126.823254760441,강서구,,2024-03-01,2024-03-13,2026-08-31
남부순환로(개봉1동사거리주변)평탄화공사,False,서울특별시 구로구 고척로21길 29  (개봉동),37.50166496804522,126.84637569532282,구로구,657.04953,2016-03-01,2016-03-24,2025-06-30
남부순환로(개봉1동 사거리)평탄화 사업 전기공사,False,서울특별시 구로구 개봉동 67-1,37.50120577997867,126.84662543704648,구로구,9.006,2016-04-01,2016-04-12,2025-06-30
성내2동 도시재생거점시설 및 경로당 신축공사(1차),False,서울 강동구 천호대로162길 72,37.5337426366115,127.127513787951,강동구,18.6,2023-12-01,2023-12-28,2025-06-30
"탄천수계 탄천우안 차집관로 성능개선공사(2차, 장기계속)",False,서울 강남구 개포로 625 (감리단사무실),37.49398861626495,127.10380793621265,강남구,,2024-05-01,2024-05-22,2025-12-31
"2024년 강동구 상수도시설물 정비공사 (장기계속,단가계약)",False,서울특별시 강동구 성내로 51,37.52910413602018,127.12622646496604,강동구,,2024-05-01,2024-05-23,2025-06-30
2024년 강동수도사업소 관내 긴급누수복구공사 (장기계속) 단가계약,False,서울 강동구 성내로 51,37.52910413602018,127.12622646496604,강동구,,2024-05-01,2024-05-13,2025-06-30
2024년 거여동 외 14개동 상수도공사 (장기계속단가계약),False,서울특별시 강동구 성내로 51,37.52910413602018,127.12622646496604,강동구,,2024-06-01,2024-06-20,2025-06-30
2024년 길동 외  7개동 상수도공사 (장기계속단가계약),False,서울특별시 강동구 성내로 51,37.52910413602018,127.12622646496604,강동구,,2024-06-01,2024-06-14,2025-06-30
2024년 성내1동외 10개동 상수도공사(장기계속) 단가계약,False,서울특별시 강동구 성내로 51,37.52910413602018,127.12622646496604,강동구,,2024-05-01,2024-05-02,2025-06-30
2024년 송파구 관내  상수도 시설물 정비공사 (장기계속연간단가),False,서울특별시 강동구 성내로 51,37.52910413602018,127.12622646496604,강동구,,2024-06-01,2024-06-17,2025-06-30
2024년 잠실동 외 11개동 상수도공사(장기계속단가계약),False,서울특별시 강동구 성내로 51,37.52910413602018,127.12622646496604,강동구,,2024-06-01,2024-06-20,2025-06-30
2024년 강동수도사업소  관내 포장도로 굴착복구공사 (장기계속단가계약),False,서울 강동구 성내로 51,37.52907666218617,127.12622019633076,강동구,,2024-06-01,2024-06-14,2025-06-30
동부간선도로 확장공사(3공구),False,서울특별시 노원구 노원로 398,37.676005723869125,127.05114632695977,노원구,1449.5711,2008-02-01,2008-02-12,2025-05-31
시흥고지-2 소구역 하수관로 정비사업(장기계속),False,서울 금천구 독산로41길 82,37.4575997672208,126.901717347594,금천구,,2024-08-01,2024-08-07,2026-08-08
새원천 재해예방 개선복구공사,False,서울 서초구 청계산로 140-65,37.45557961685209,127.049372835915,서초구,62.6,2024-01-01,2024-01-08,2025-06-30
마곡 도시개발사업지구 10-2단지 아파트 전기공사,False,서울시 강서구 마곡동 747-1 일원,37.56013656242459,126.81861708744316,강서구,,2024-02-01,2024-02-05,2026-04-15
마곡 도시개발사업지구 10-2단지 아파트 정보통신공사,False,서울특별시 강서구 마곡동 747-1 일원,37.56017257169073,126.8185971935876,강서구,,2024-02-01,2024-02-05,2026-04-15
마곡 도시개발사업지구 10-2단지 아파트 소방시설공사,False,서울특별시 강서구 마곡동 747-1 일원,37.560163540029166,126.81858306794123,강서구,,2024-02-01,2024-02-05,2026-04-15
노원교 진출램프 신설(확장) 통신공사(장기1차),False,서울 노원구 상계동 1150-36,37.67898267827373,127.05086836957744,노원구,,2023-11-01,2023-11-28,2025-06-30
서남병원 증축 및 리모델링공사 (장기1차),False,서울 양천구 신정이펜1로 20(신정동 1320-7),37.51202026143609,126.83313105946924,양천구,,2023-12-01,2023-12-12,2026-09-28
2024년 암사아리수정수센터 시설물 유지보수공사(장기계속),False,서울 강동구 암사동 62-1,37.56429453628672,127.1382009765426,강동구,8.6,2024-07-01,2024-07-16,2025-06-30
"수서동 복합문화센터 신축공사(건축,토목,기계,조경)",False,서울 강남구 광평로 301-4,37.488908163716495,127.10496838259508,강남구,,2024-04-01,2024-04-08,2026-06-08
수서동 복합문화센터 신축공사(전기),False,서울특별시 강남구 광평로 301-4,37.4888878594237,127.105003972121,강남구,,2024-05-01,2024-05-10,2026-06-08
2024년 암사아리수정수센터 기계설비 보수공사(연간단가- 장기계속계약),False,서울 강동구 암사동 62-1,37.56457817694977,127.13834864373352,강동구,,2024-06-01,2024-06-18,2025-06-30
마곡 도시개발사업지구 10-2단지 아파트 건설공사,False,서울특별시 강서구 마곡동 747-1,37.55981939918011,126.817439654335,강서구,1258.6664831,2023-08-01,2023-08-18,2026-04-15
2024년 일반전기설비 유지보수공사 (연간단가장기계속),False,서울 강동구 암사동 3,37.56404167404163,127.13869852902867,강동구,,2024-07-01,2024-07-15,2025-06-30
독산동 우시장 그린푸줏간 조성공사(소방),False,서울특별시 금천구 독산동 293-17,37.4568411485862,126.895456780022,금천구,9.5,2022-12-01,2022-12-02,2026-01-30
독산동 우시장 그린푸줏간 조성공사(통신),False,서울특별시 금천구 독산동 293-17,37.4568411485862,126.895456780022,금천구,4.4,2022-12-01,2022-12-02,2026-01-30
탄천수계 탄천우안 차집관로 교체공사(장기계속),False,서울 강남구 개포로 625,37.4908214608972,127.108057348953,강남구,78.0,2023-12-01,2023-12-26,2025-12-31
서울 어울림체육센터 건립 기계설비공사(장기1차),False,서울 노원구 동일로246길 8,37.6789587883523,127.05587662923,노원구,,2022-09-01,2022-09-02,2025-09-19
서울 어울림체육센터 건립 소방(전기기계분야) 공사(장기1차),False,서울 노원구 동일로246길 8,37.6789587883523,127.05587662923,노원구,,2022-08-01,2022-08-18,2025-09-19
서울 어울림체육센터 건립 통신공사(장기1차),False,서울 노원구 상계동 1268,37.6789587883523,127.05587662923,노원구,9.1435453,2022-06-01,2022-06-23,2025-09-19
서울 어울림체육센터 건립 전기공사(장기1차),False,서울 노원구 동일로246길 8,37.679102913173786,127.05594362026989,노원구,,2022-06-01,2022-06-17,2025-09-19
수서동 복합문화센터 신축공사(소방),False,서울특별시 강남구 광평로56길 11,37.48681786896221,127.1054262168606,강남구,,2024-05-01,2024-05-28,2026-06-08
수서동복합문화센터신축 공사 (통신),False,서울특별시 강남구 광평로56길 11,37.48681786896221,127.1054262168606,강남구,,2024-06-01,2024-06-03,2026-06-08
안양천교 자전거도로 구조개선 사업 전기공사(장기계속) 1차,False,서울 금천구 독산동 770-4,37.457420767647385,126.890772199703,금천구,,2024-03-01,2024-03-26,2025-12-31
안양천 수변활력거점 조성공사(장기계속),False,서울 금천구 안양천동자전거길 1245,37.45613004783573,126.89321538399392,금천구,,2024-06-01,2024-06-20,2025-12-31
방화 1-9 소구역 하수관로 정비공사(2권역)-장기계속,False,서울 강서구 방화동로 37,37.55593332117719,126.813353370056,강서구,,2023-08-01,2023-08-01,2025-12-27
방화 1-9 소구역 하수관로 정비공사(1권역)-장기계속,False,서울 강서구 방화동로 37,37.56412464190137,126.810755116985,강서구,,2023-07-01,2023-07-24,2025-12-06
방화 1-9 소구역 하수관로 정비공사(3권역)-장기계속,False,서울 강서구 송정로 45,37.5588726032796,126.810109136837,강서구,57.4,2023-07-01,2023-07-24,2025-12-06
헌릉로 확장 및 중앙버스전용차로 설치공사(장기1차),False,서울 서초구 신흥말길 54,37.4616830515665,127.084805557433,서초구,142.4271495,2022-12-01,2022-12-20,2025-11-05
오금배수지(1지) 내부 방식공사(장기계속),False,서울특별시 송파구 오금로 363,37.50267028717772,127.13138538549909,송파구,,2024-05-01,2024-05-30,2025-05-24
수서차량기지 전선로 개량공사,False,서울 강남구 밤고개로5길 46-13,37.47855632446891,127.11153100647611,강남구,,2024-04-01,2024-04-26,2025-10-24
문정컬처밸리 조경보완공사(2차),False,서울시 송파구 문정동 222번지 일원,37.48552845411453,127.12232803288482,송파구,,2022-08-01,2022-08-12,2025-12-15
서울도시철도 9호선 4단계 연장사업 1공구 건설공사,False,서울시 강동구 길동 산 5-1,37.53205221470184,127.1493873699702,강동구,1584.4,2021-12-01,2021-12-13,2028-07-25
서울도시철도 9호선 4단계 연장사업 3공구 건설공사,False,서울 강동구 아리수로 279,37.56007259947558,127.15684528442652,강동구,1415.2,2021-12-01,2021-12-13,2028-07-25
서울도시철도 9호선 4단계 연장사업 2공구 건설공사,False,서울시 강동구 대명초교입구교차로 부근~강동구 고덕아이파크 부근,37.54913987250166,127.15618865641348,강동구,2641.1,2021-08-01,2021-08-30,2028-03-26
고덕강일 공공주택지구 기반시설(공원 등) 전기공사,False,"서울시 강동구 고덕동, 강일동 일원",37.566475478086765,127.15923569694432,강동구,34.79184,2020-09-01,2020-09-07,2025-07-27
강동구 자원순환센터 건립공사,False,서울 강동구 아리수로87길 272,37.5702162033164,127.161113425145,강동구,2063.97,2020-05-01,2020-05-15,2025-10-30
고덕강일 공공주택지구 3단지 아파트 건설공사,False,서울특별시 강동구 강일동 174번지 일원,37.5725316965639,127.169396435788,강동구,2611.9716493,2023-05-01,2023-05-12,2026-11-06
고덕강일 공공주택지구 3단지 아파트 전기공사,False,서울시 강동구 강일동 175 일원,37.5724770071745,127.170022528758,강동구,239.5995,2023-10-01,2023-10-13,2026-11-06
고덕강일 공공주택지구 3단지 아파트 정보통신공사,False,서울특별시 강동구 강일동 174 일원,37.5724770071745,127.170022528758,강동구,,2023-10-01,2023-10-13,2026-11-06
고덕강일 공공주택지구 3단지 아파트 소방시설공사,False,서울특별시 강동구 강일동 174번지 일원,37.57224920084416,127.17010940023413,강동구,217.2539286,2023-10-01,2023-10-13,2026-11-06
위례 택지개발사업 조경공사(3공구),False,서울특별시 송파구 위례광장로 163,37.4792774901,127.1414902699,송파구,,2017-06-01,2017-06-01,2026-12-31
망월천 및 신원천 하천공사,False,서울시 강동구 강일동 53-6,37.5749370278062,127.175112847929,강동구,,2023-11-01,2023-11-30,2028-01-11
위례선 도시철도 건설공사,False,경기 성남시 수정구 위례서로 31,37.4681003779745,127.136120983874,수정구,1966.0,2021-12-01,2021-12-27,2025-09-09
2024년~2025년 광암아리수정수센터 토목건축시설물 유지보수공사(장기계속),False,경기 하남시 광암동 378,37.52004518382712,127.17333915986369,서울지역외,,2024-05-01,2024-05-29,2025-05-31
창신소담 공영주차장 및 복합시설 건설공사(전기),True,서울 종로구 수송동 146-2,37.5731294715895,126.979230043705,종로구,,2020-09-01,2020-09-04,2025-04-30
창신소담 공영주차장 및 복합시설 건설공사(통신),True,서울 종로구 수송동 146-2,37.5731294715895,126.979230043705,종로구,,2020-09-01,2020-09-16,2025-04-30
2024년 천연기념물 상시관리 사업,True,서울특별시 종로구 종로1길 36,37.57350424298736,126.97898995418838,종로구,,2024-04-01,2024-04-29,2025-03-08
서울남대문시장 코코종합상가 방화문 교체공사,True,서울특별시 중구 남대문시장4길 21,37.55918176072073,126.9776267740439,중구,,2023-12-01,2023-12-27,2025-03-11
서울영화센터 건립 전기공사,True,서울 중구 마른내로 38,37.5641895543958,126.99210863146745,중구,17.11313,2020-01-01,2020-01-31,2025-03-31
서울영화센터 건립 기계공사,True,서울 중구 마른내로 38,37.5641882030011,126.992110216222,중구,20.53668,2020-02-01,2020-02-06,2025-03-31
서울영화센터 건립 소방공사,True,서울 중구 마른내로 38,37.5641882030011,126.992110216222,중구,15.22965,2020-02-01,2020-02-06,2025-03-31
갈월종합사회복지관 리모델링 공사(전기),True,서울특별시 용산구 두텁바위로 25,37.54589688815526,126.97485835152985,용산구,,2024-08-01,2024-08-13,2025-02-15
삼청공원 입구 지하주차장 건설 소방공사,True,서울 종로구 삼청동 25-32,37.58754784617021,126.98348091857234,종로구,,2024-08-01,2024-08-23,2025-04-19
삼청공원 입구 지하주차장 건설 기계설비공사,True,서울 종로구 삼청동 산 2-1,37.5895823159869,126.983686538484,종로구,,2024-08-01,2024-08-07,2025-04-03
2024년 중부수도사업소 전기설비 유지보수 공사(장기계속단가계약),True,서울특별시 중구 장충단로 88,37.5534751235111,127.002946956604,중구,,2024-03-01,2024-03-26,2025-03-31
2024년 전기설비 유지보수공사(장기계속단가),True,서울특별시 서대문구 통일로26길 41,37.58302903527928,126.952404373743,서대문구,,2024-03-01,2024-03-26,2025-03-31
"창신 소담 공영주차장 및 복합시설 건설공사(건축, 토목, 조경, 기계)-장기계속계약",True,서울 종로구 창신4가길 34-25,37.5753597347883,127.010247406056,종로구,184.29604,2018-10-01,2018-10-25,2025-04-19
창신소담 공영주차장 및 복합시설 건설공사(소방),True,서울 종로구 창신4가길 34-25,37.5753597347883,127.010247406056,종로구,,2020-09-01,2020-09-14,2025-04-30
성동중구 임대아파트 시설물 유지보수공사,True,서울 중구 다산로 210 홍진빌딩 8층,37.56176338110793,127.015012581422,중구,,2023-03-01,2023-03-23,2025-04-30
한양도성 혜화동 전시안내센터 주변 위험구간 성벽 해체 및 복원공사,True,서울 종로구 창경궁로35길 63,37.58860672855831,127.003029862116,종로구,41.2,2021-08-01,2021-08-10,2025-04-09
한양도성 혜화동 전시안내센터 주변 위험구간 성벽 해체복원 전기공사,True,서울특별시 종로구 창경궁로35길 63,37.58860672855831,127.003029862116,종로구,,2021-09-01,2021-09-27,2025-04-19
삼각지(6)외 2역 노후 에스컬레이터 기계공사(24-1공구),True,서울특별시 용산구 한강대로 지하 185,37.535607295640936,126.9740539626925,용산구,,2024-06-01,2024-06-21,2025-04-23
삼각지역 외 2역 노후 에스컬레이터 교체 전기공사(24-1공구),True,서울 용산구 한강로1가 228-1,37.5344393447708,126.972922951307,용산구,,2024-06-01,2024-06-13,2025-04-14
마포/용산/은평/서대문센터-1 소규모주택 시설물 유지보수공사,True,서울 서대문구 연희로24길 23,37.57121468670445,126.93606168957248,서대문구,,2023-03-01,2023-03-23,2025-04-30
대흥역 승강편의시설 기계공사(60공구),True,서울특별시 마포구 대흥로 지하 85,37.5476479056751,126.942473188734,마포구,,2024-02-01,2024-02-26,2025-04-07
대흥역 승강편의시설 설치 전기공사(60공구),True,서울특별시 마포구 대흥로 지하 85,37.5476479056751,126.942473188734,마포구,,2023-08-01,2023-08-29,2025-04-25
승강편의시설(59공구) 설치 전기공사(2호선 신설동역),True,서울특별시 동대문구 왕산로 지하 1,37.574804519200505,127.024918166399,동대문구,,2024-02-01,2024-02-27,2025-02-27
"신설동(2)역 등 2역 엘리베이터 설치공사(59공구,60공구)",True,서울특별시 동대문구 왕산로 지하 1,37.574804519200505,127.024918166399,동대문구,,2024-05-01,2024-05-08,2025-03-08
신설동역(2) E/L 승강편의시설 기계설비공사(59공구),True,서울특별시 동대문구 왕산로 지하 1,37.574804519200505,127.024918166399,동대문구,,2024-02-01,2024-02-26,2025-03-28
마포용산-1 임대아파트 시설물 유지보수공사,True,서울 마포구 마포대로 20,37.5384084515604,126.944983112205,마포구,,2023-03-01,2023-03-23,2025-04-30
마포용산-2 임대아파트 시설물 유지보수공사,True,서울 마포구 마포대로 20,37.5384084515604,126.944983112205,마포구,,2023-03-01,2023-03-23,2025-04-30
2024년 하천유지관리공사(연간단가),True,서울특별시 성북구 보문로 168,37.58935881571811,127.01670064115751,성북구,,2024-03-01,2024-03-05,2025-02-28
홍지문~정릉터널사이 비탈면 소단부 보수보강 및 안전시설 추가 설치공사,True,서울 종로구 평창동 207-2,37.60570059139212,126.971728407237,종로구,,2024-04-01,2024-04-17,2025-02-18
2024년 두모교 보수공사,True,서울 성동구 금호동4가 1523,37.54373254012823,127.02582664483737,성동구,,2024-05-01,2024-05-17,2025-05-02
안암 어울림센터 신축공사,True,서울특별시 성북구 안암동5가 103-18,37.5845245379841,127.030285644491,성북구,29.2938342,2024-02-01,2024-02-05,2025-03-18
안암 어울림센터 전기공사,True,서울시 성북구 안암동5가 103-18,37.584746690613,127.030411179698,성북구,,2024-02-01,2024-02-14,2025-03-18
정릉천 유지용수 추가공급 관로공사(장기),True,서울 동대문구 정릉천동로 29,37.5735082438606,127.03462129682602,동대문구,,2022-11-01,2022-11-30,2025-03-19
보광나들목 리모델링 공사,True,서울 용산구 보광동 87-12,37.52512607407469,127.002095122017,용산구,,2024-03-01,2024-03-15,2025-03-24
보광나들목 리모델링 전기공사,True,서울 용산구 보광동 87-12,37.52512607407469,127.002095122017,용산구,,2024-03-01,2024-03-25,2025-02-28
2024년 전기설비 유지보수공사,True,서울특별시 성동구 고산자로10길 13,37.5592794885993,127.03538885754502,성동구,,2024-03-01,2024-03-21,2025-03-31
방음터널 5개소 소방설비(전기) 보강공사,True,서울특별시 성동구 청계천로 540,37.57161932897954,127.03605577077944,성동구,,2023-12-01,2023-12-01,2025-03-14
2024년 한강 저수로 준설공사,True,서울 영등포구 여의도동 87-2,37.5250892160129,126.947545050571,영등포구,,2024-09-01,2024-09-10,2025-03-08
2024년 한강공원 접근시설 유지보수공사(연간단가),True,서울 영등포구 여의도동 85,37.52638860108943,126.93512931714196,영등포구,,2024-03-01,2024-03-07,2025-02-28
2024년 관내 하수시설물 보수공사(연간단가),True,서울특별시 은평구 은평로 195,37.60281743572421,126.92893871656368,은평구,,2024-03-01,2024-03-13,2025-02-28
2024년 관내 하천시설물 보수공사(연간단가),True,서울특별시 은평구 은평로 195,37.60281743572421,126.92893871656368,은평구,,2024-02-01,2024-02-27,2025-02-28
북가좌2동 복합청사 신축공사(건축),True,서울 서대문구 응암로 131,37.58436187208,126.914022023508,서대문구,,2023-02-01,2023-02-01,2025-04-17
2024년 서호교 외 1개소 보수공사,True,서울 마포구 합정동 353-5,37.5431926339073,126.912033442717,마포구,,2024-06-01,2024-06-11,2025-04-06
청량리역 등 4개소 전기실 기계설비 개량공사,True,서울특별시 동대문구 왕산로 214,37.580160149330815,127.04789833684475,동대문구,,2024-04-01,2024-04-18,2025-03-30
청량리역 등 4개소 전기실 소방설비 개량공사,True,서울특별시 동대문구 왕산로 214,37.580160149330815,127.04789833684475,동대문구,,2024-03-01,2024-03-28,2025-04-17
청량리역 외 1역 노후 전기실 개량 건축공사,True,서울특별시 동대문구 왕산로 214,37.580160149330815,127.04789833684475,동대문구,,2024-04-01,2024-04-18,2025-03-19
2024년 뚝도정수센터 기계설비 유지보수 (연간단가)(장기1차),True,서울 성동구 성수동1가 642-1,37.539874242564416,127.04221619569606,성동구,,2024-04-01,2024-04-01,2025-03-31
2024년 뚝도아리수정수센터 전기설비 보수공사(1차수),True,서울 성동구 성수동1가 642-1,37.53986968691791,127.0423576303801,성동구,,2024-04-01,2024-04-01,2025-03-31
2024년 정릉천고가교 보수공사,True,서울 성북구 종암동 산 21-3,37.59637171581923,127.04067412300874,성북구,,2024-05-01,2024-05-20,2025-03-29
노후 에스컬레이터(ESTR공법) 교체공사(24-3공구),True,서울 은평구 녹번동 153-31,37.60622745935512,126.9228437430386,은평구,,2024-06-01,2024-06-21,2025-04-19
역촌(6)외 2역 노후 에스컬레이터 기계공사(24-3공구),True,서울 은평구 녹번동 153-31,37.60622745935512,126.9228437430386,은평구,,2024-06-01,2024-06-20,2025-04-22
역촌역 외 2역 노후 에스컬레이터 교체 전기공사(24-3공구),True,서울 은평구 녹번동 153-31,37.60622745935512,126.9228437430386,은평구,,2024-06-01,2024-06-11,2025-04-13
강남힐링센터(신사) 신축공사(조경),True,서울특별시 강남구 도산대로25길 32,37.5217462199519,127.026643953222,강남구,,2024-09-01,2024-09-05,2025-02-28
북가좌2동 복합청사 신축공사(소방),True,서울특별시 은평구 증산로15길 47,37.59025761859751,126.908060459382,은평구,,2022-12-01,2022-12-27,2025-04-17
북가좌2동 복합청사 신축공사(전기),True,서울특별시 은평구 증산로15길 47,37.59025761859751,126.908060459382,은평구,,2022-12-01,2022-12-27,2025-04-17
북가좌2동 복합청사 신축공사(통신),True,서울특별시 은평구 증산로15길 47,37.59025761859751,126.908060459382,은평구,,2022-12-01,2022-12-27,2025-04-17
구립 새락골경로당 신축 기계소방공사,True,서울 은평구 신사동 4-31,37.5987746200772,126.912108010183,은평구,,2024-08-01,2024-08-30,2025-03-11
구립 새락골경로당 신축 전기공사,True,서울 은평구 신사동 4-31,37.5987746200772,126.912108010183,은평구,,2024-07-01,2024-07-04,2025-03-11
구립 새락골경로당 신축공사,True,서울 은평구 신사동 4-31,37.5987746200772,126.912108010183,은평구,8.2,2024-07-01,2024-07-04,2025-03-11
"새샘근린공원 실내놀이터 신축공사(건축, 기계)",True,서울 동대문구 답십리동 1004-7,37.5694855797819,127.0552027385,동대문구,,2024-09-01,2024-09-09,2025-03-09
지하철 통합관제센터 신축 기계공사,True,서울 성동구 천호대로78길 58,37.55601955405791,127.05462919592114,성동구,,2022-11-01,2022-11-10,2025-05-01
서울 지하철 통합관제센터 신축공사,True,서울특별시 성동구 천호대로 78길 15-48,37.559048817476935,127.05535858120746,성동구,,2021-12-01,2021-12-27,2025-04-13
독바위(6)외 1역 노후 에스컬레이터 기계공사(24-4공구),True,서울 은평구 불광동 13-6,37.61841415999441,126.933053652461,은평구,,2024-07-01,2024-07-05,2025-05-07
독바위역 외 1역 노후 에스컬레이터 교체 전기공사(24-4공구),True,서울 은평구 불광동 13-6,37.61841415999441,126.933053652461,은평구,,2024-06-01,2024-06-14,2025-04-14
7호선 고속터미널역 승강편의시설 설치 전기공사(57공구),True,서울특별시 성동구 천호대로 346,37.56263793810079,127.05724745183832,성동구,,2023-05-01,2023-05-02,2025-02-26
구산 외 1역 승강편의시설 설치 전기공사(51공구),True,서울특별시 성동구 천호대로 346,37.56263793810079,127.05724745183832,성동구,,2022-08-01,2022-08-29,2025-02-28
노후 에스컬레이터(ESTR공법) 교체공사(24-1공구),True,서울특별시 성동구 천호대로 346,37.56263793810079,127.05724745183834,성동구,,2024-06-01,2024-06-03,2025-04-05
노후 에스컬레이터(ESTR공법) 교체공사(24-2공구),True,서울특별시 성동구 천호대로 346,37.56263793810079,127.05724745183834,성동구,,2024-06-01,2024-06-05,2025-04-07
노후 에스컬레이터(ESTR공법) 교체공사(24-4공구),True,서울특별시 성동구 천호대로 346,37.56263793810079,127.05724745183834,성동구,,2024-06-01,2024-06-10,2025-04-12
노후 에스컬레이터(ESTR공법) 교체공사(24-5공구),True,서울특별시 성동구 천호대로 346,37.56263793810079,127.05724745183834,성동구,,2024-06-01,2024-06-13,2025-04-13
태릉입구 외 1역 에스컬레이터 기계공사(52공구),True,서울특별시 성동구 천호대로 346,37.56263793810079,127.05724745183834,성동구,,2023-07-01,2023-07-21,2025-02-16
동대문광진중랑-1 임대아파트 시설물 유지보수공사,True,서울 송파구 법원로11길 7,37.57763289835007,127.0578713793016,송파구,32.6,2023-03-01,2023-03-30,2025-04-30
제3처리장 종침 슬러지수집기 사이폰관 추가 교체공사,True,서울특별시 성동구 자동차시장3길 64,37.5604667854997,127.06036505718916,성동구,,2024-04-01,2024-04-17,2025-03-02
6호선 구산역 엘리베이터 제작설치 공사(51공구),True,서울 은평구 구산동 1-21,37.61124669148435,126.91725947715172,은평구,,2024-01-01,2024-01-12,2025-03-13
2024년 교내 전기시설물 유지보수공사(연간단가),True,서울특별시 동대문구 서울시립대로 163,37.584828300773886,127.05773316246166,동대문구,,2024-03-01,2024-03-07,2025-02-25
2024년 서울시립대학교 기계설비 유지보수(연간단가) 공사,True,서울특별시 동대문구 서울시립대로 163,37.584828300773886,127.05773316246166,동대문구,,2024-03-01,2024-03-19,2025-02-28
서울시립대학교 2024년 교내 건축시설물 유지보수공사(연간단가),True,서울특별시 동대문구 서울시립대로 163,37.584828300773886,127.05773316246166,동대문구,,2024-03-01,2024-03-26,2025-02-28
서울시립대학교 2024년 교내 토목시설물 유지보수공사(연간단가),True,서울특별시 동대문구 서울시립대로 163,37.584828300773886,127.05773316246166,동대문구,,2024-03-01,2024-03-26,2025-02-28
서울시립대학교 공학연구원 반도체연구센터 UOS Fab(클린룸) 조성 전기공사,True,서울특별시 동대문구 서울시립대로 163,37.584828300773886,127.05773316246166,동대문구,,2024-09-01,2024-09-27,2025-02-28
답십리 제17구역 주택재개발정비사업 아파트 건설공사,True,서울시 동대문구 답십리동 12번지 일대,37.56683041962282,127.061437013119,동대문구,,2018-12-01,2018-12-28,2025-02-25
서울문화예술교육센터 은평 공연장 외 조성 소방공사,True,서울특별시 은평구 수색로 322-2,37.5849907720154,126.893777916666,은평구,,2024-09-01,2024-09-11,2025-04-30
서울문화예술교육센터 은평 공연장 외 조성 건축(기계)공사,True,서울특별시 은평구 수색로 322-2,37.5851270962157,126.893782364905,은평구,,2024-09-01,2024-09-11,2025-04-30
서울문화예술교육센터 은평 공연장 외 조성 전기공사,True,서울특별시 은평구 수색로 322-2,37.5851270962157,126.893782364905,은평구,,2024-09-01,2024-09-11,2025-04-30
서울문화예술교육센터 은평 공연장 외 조성 통신공사,True,서울특별시 은평구 수색로 322-2,37.5851270962157,126.893782364905,은평구,,2024-09-01,2024-09-11,2025-04-30
2024년 송정교 외 8개소 보수공사,True,서울 성동구 송정동 73-12,37.55400430445192,127.066386208404,성동구,,2024-06-01,2024-06-25,2025-02-28
숭실대입구역 외 1역 노후 에스컬레이터 교체 전기공사(24-5공구),True,서울특별시 동작구 상도로 지하 378,37.49631728175741,126.953621963422,동작구,,2024-06-01,2024-06-11,2025-04-13
자양4동 전통시장 공영주차장 건설(전기공사),True,서울 광진구 자양동 43-44,37.5366545382628,127.064174229206,광진구,,2024-03-01,2024-03-22,2025-02-21
자양4동 전통시장 공영주차장 건설(통신공사),True,서울 광진구 자양동 43-44,37.5366545382628,127.064174229206,광진구,,2024-03-01,2024-03-22,2025-02-21
2024년 영등포아리수정수센터 건축?토목시설물 정비공사(연간단가)(장기계속),True,서울 영등포구 양화동 153-1,37.55035019994599,126.88119872114024,영등포구,,2024-05-01,2024-05-07,2025-04-30
장위재정비촉진지구 열수송관 설치공사(3공구),True,서울 성북구 장위동 110-79,37.614349166791385,127.05606496791158,성북구,,2024-04-01,2024-04-30,2025-04-21
2024년 영등포아리수정수센터 전기설비 유지보수 공사(장기1차),True,서울 영등포구 양화동 153-1,37.54975551946367,126.8811770320699,영등포구,,2024-04-01,2024-04-16,2025-03-31
광진문화예술회관(나루아트센터) 리모델링 건축기계 공사(긴급) 1차,True,서울특별시 광진구 능동로 76,37.5377911879621,127.070431534099,광진구,,2024-05-01,2024-05-27,2025-04-05
광진문화예술회관(나루아트센터) 리모델링 소방공사(긴급),True,서울특별시 광진구 능동로 76,37.5377911879621,127.070431534099,광진구,,2024-05-01,2024-05-27,2025-04-05
광진문화예술회관(나루아트센터) 리모델링 전기공사(긴급),True,서울특별시 광진구 능동로 76,37.5377911879621,127.070431534099,광진구,,2024-05-01,2024-05-28,2025-04-05
광진문화예술회관(나루아트센터) 리모델링 통신공사,True,서울특별시 광진구 능동로 76,37.5377911879621,127.070431534099,광진구,,2024-05-01,2024-05-28,2025-04-05
나루아트센터 리모델링 관련 음향장비 철거 및 재설치 공사,True,서울특별시 광진구 능동로 76,37.5377911879621,127.070431534099,광진구,,2024-07-01,2024-07-10,2025-03-31
2024년 하천시설물 유지보수공사 (연간단가),True,"서울 영등포구 경인로 775, 1동 416호",37.59611473807383,127.06993388339689,영등포구,,2024-02-01,2024-02-23,2025-02-28
"(긴급)강남역 지하도상가 편의시설 설치공사(토목,건축)",True,서울 강남구 강남대로 지하 396,37.49849976057105,127.02857717528568,강남구,21.000000000000004,2024-04-01,2024-04-24,2025-05-07
2024년 2호선 궤도도상개량 전기공사(전차선분야),True,서울특별시 강남구 강남대로 지하 396,37.49808633653005,127.02800140627488,강남구,,2024-06-01,2024-06-13,2025-02-14
관악동작 임대아파트 시설물 유지보수공사,True,"서울 관악구 구암길 106 외 관악구, 동작구 임대아파트",37.490207981727465,126.95024706445756,관악구,,2023-03-01,2023-03-23,2025-04-30
2023~2025 서부지사 열수송관 지점 보수공사,True,서울 양천구 목동서로 20,37.53902309927679,126.883262418864,양천구,,2023-11-01,2023-11-07,2025-04-30
마포/용산/은평/서대문센터-2 소규모주택 시설물 유지보수공사,True,서울 서초구 사임당로17길 113,37.49336328014412,127.01879722413476,서초구,,2023-03-01,2023-03-23,2025-04-30
이수(7)외 1역 노후 에스컬레이터 기계공사(24-5공구),True,서울특별시 동작구 사당로 지하 310,37.48528852311765,126.98167629035196,동작구,,2024-07-01,2024-07-03,2025-05-05
2024년 북부수도사업소 전기설비 유지보수공사(장기계속계약),True,서울특별시 강북구 한천로 935,37.63413814442191,127.0360666970556,강북구,,2024-03-01,2024-03-20,2025-03-31
성북강북-1 임대아파트 시설물 유지보수공사,True,서울 강북구 도봉로 358,37.63913461931188,127.02747302780966,강북구,,2023-03-01,2023-03-23,2025-04-30
성북강북-2 임대아파트 시설물 유지보수공사,True,서울 강북구 도봉로 358,37.63913461931188,127.02747302780966,강북구,,2023-03-01,2023-03-23,2025-04-30
성북/강북/성동/중구센터-2 소규모주택 시설물 유지보수공사,True,"서울 강북구 도봉로 358, 코스타타워11층",37.6391201919372,127.027522874566,강북구,,2023-03-01,2023-03-23,2025-04-30
성북/강북/성동/중구센터-1 소규모주택 시설물 유지보수공사,True,"서울 강북구 도봉로 358, 코스타타워11층",37.6391129766545,127.02755459594502,강북구,14.7,2023-03-01,2023-03-23,2025-04-30
서울어린이대공원 공연장 리모델링 건축공사(장기계속),True,서울특별시 광진구 능동로 216,37.5499772549675,127.080235171998,광진구,,2023-12-01,2023-12-07,2025-03-14
은평서대문종로-1 임대아파트 시설물 유지보수공사,True,서울 은평구 진관2로 15-34,37.63747207567461,126.91907715527051,은평구,44.4,2023-03-01,2023-03-23,2025-04-30
은평서대문종로-2 임대아파트 시설물 유지보수공사,True,서울 은평구 진관2로 15-34,37.63746304640221,126.9190488406597,은평구,44.1,2023-03-01,2023-03-23,2025-04-30
장위재정비촉진지구 열수송관 설치공사(2공구),True,서울 노원구 월계동 410-2,37.623036802792974,127.06089137411874,노원구,,2024-04-01,2024-04-29,2025-04-29
"우이천 수변활력거점 조성사업(건축,토목,기계)",True,서울 강북구 수유동 647-4,37.64353270784264,127.02961274788576,강북구,,2024-08-01,2024-08-07,2025-03-31
우이천 수변활력거점 조성 전기공사,True,서울 강북구 수유동 647-3,37.6439721372822,127.028806172749,강북구,,2024-07-01,2024-07-22,2025-03-31
우이천 수변활력거점 조성 통신공사,True,서울 강북구 수유동 647-2,37.6442843830694,127.02858081040898,강북구,,2024-07-01,2024-07-19,2025-03-31
면목 3-5 소구역 하수관로 정비공사(장기계속-2구간),True,서울 중랑구 용마산로125길 108-17,37.5872021170138,127.0862860352532,중랑구,80.3,2022-08-01,2022-08-09,2025-03-29
[실적제한] 2024년 북부간선고가교 보수공사,True,서울 중랑구 묵동 29,37.61581677371715,127.07128432483368,중랑구,26.4,2024-06-01,2024-06-26,2025-04-08
2024년 전기설비 유지보수공사(장기계속연간단가),True,서울특별시 동작구 여의대방로10길 97,37.49241786459901,126.91498782596886,동작구,,2024-04-01,2024-04-09,2025-03-31
2024년 안양천 유지관리 공사(연간단가),True,서울 양천구 신정동 871-2,37.52078648770597,126.87932821087918,양천구,,2024-03-01,2024-03-21,2025-02-28
미성동 복합청사 신축공사(전기),True,서울특별시 관악구 관악로 145,37.47836837614069,126.951561853867,관악구,,2023-07-01,2023-07-18,2025-02-14
면목 3-5 소구역 하수관로 정비공사(장기계속-1구간),True,서울 중랑구 면목로 434,37.59124647493838,127.08777398468273,중랑구,,2022-08-01,2022-08-09,2025-03-29
양천영등포-2 임대아파트 시설물 유지보수공사,True,서울 양천구 오목로 336,37.52376558639636,126.87621812006552,양천구,,2023-03-01,2023-03-23,2025-04-30
양천영등포-1 임대아파트 시설물 유지보수공사,True,서울 양천구 오목로 336,37.52390955661864,126.87603688119066,양천구,36.6,2023-03-01,2023-03-23,2025-04-30
양천영등포센터 소규모주택 시설물 유지보수공사,True,서울 양천구 오목로 336,37.5245340839144,126.875307312696,양천구,13.2,2023-03-01,2023-03-23,2025-04-30
2024년 구의아리수정수센터 기계설비 유지보수 공사,True,서울특별시 광진구 광나루로 571,37.54595668537912,127.09294993151278,광진구,,2024-04-01,2024-04-09,2025-03-31
2024년 전기설비 유지보수 공사,True,서울특별시 광진구 광나루로 571,37.54595668537912,127.09294993151278,광진구,,2024-04-01,2024-04-02,2025-03-31
2024년 별빛내린천 유지관리공사(연간단가),True,서울 관악구 신림동 808-133,37.4770152411093,126.93670052183302,관악구,,2024-02-01,2024-02-28,2025-02-28
공릉동 도깨비시장 고객지원센터 신축공사,True,서울 노원구 동일로178길 29-19,37.62232084508446,127.07587419294752,노원구,,2023-12-01,2023-12-11,2025-04-08
공릉(7)외 2역 노후 에스컬레이터 기계공사(24-2공구),True,서울특별시 노원구 동일로 지하 1074,37.625542764855794,127.073033585328,노원구,,2024-06-01,2024-06-21,2025-04-23
공릉역 외 2역 노후 에스컬레이터 교체 전기공사(24-2공구),True,서울특별시 노원구 동일로 지하 1074,37.625542764855794,127.073033585328,노원구,,2024-06-01,2024-06-13,2025-04-15
면목 3-5 소구역 하수관로 정비공사(장기계속-3구간),True,서울 중랑구 용마산로 442,37.59070939743712,127.0948726677174,중랑구,82.2,2022-08-01,2022-08-09,2025-03-29
남부도로사업소 테니스장 환경개선공사,True,서울특별시 영등포구 도림로 145,37.49427486701288,126.897951207031,영등포구,,2024-08-01,2024-08-14,2025-02-15
공릉동 도깨비시장 고객지원센터 신축 기계설비공사,True,서울특별시 노원구 동일로180길 53,37.62285431678859,127.07712926067124,노원구,,2023-11-01,2023-11-28,2025-02-28
공릉동도깨비시장 고객지원센터 신축 기계소방공사,True,서울특별시 노원구 동일로180길 53,37.62285431678859,127.07712926067124,노원구,,2023-11-01,2023-11-23,2025-02-28
공릉동도깨비시장 고객지원센터 신축 전기공사,True,서울특별시 노원구 동일로180길 53,37.62285431678859,127.07712926067124,노원구,,2023-12-01,2023-12-11,2025-02-28
공릉동도깨비시장 고객지원센터 신축 통신공사,True,서울특별시 노원구 동일로180길 53,37.62285431678859,127.07712926067124,노원구,,2023-11-01,2023-11-22,2025-02-28
2024년 전기설비 유지보수 공사(장기계속단가),True,서울 양천구 신정동 319-15,37.51959777231752,126.869722918251,양천구,,2024-03-01,2024-03-21,2025-03-31
강서-1 임대아파트 시설물 유지보수공사,True,서울 강서구 양천로57길 36,37.563537909536095,126.854475055172,강서구,38.7,2023-03-01,2023-03-23,2025-04-30
강서-2 임대아파트 시설물 유지보수공사,True,서울 강서구 양천로57길 36,37.563537909536095,126.854475055172,강서구,,2023-03-01,2023-03-23,2025-04-30
강서-3 임대아파트 시설물 유지보수공사,True,서울 강서구 양천로57길 36,37.563537909536095,126.854475055172,강서구,,2023-03-01,2023-03-23,2025-04-30
동대문/중랑/광진센터 소규모주택 시설물 유지보수공사,True,"서울 중랑구 봉화산로 165, 신내12단지 상가 3층",37.60538907368229,127.091663713653,중랑구,,2023-03-01,2023-03-23,2025-04-30
동대문광진중랑-2 임대아파트 시설물 유지보수공사,True,서울 중랑구 봉화산로 153,37.605364729389365,127.0916863335612,중랑구,,2023-03-01,2023-03-23,2025-04-30
서울시 노동자복지관 복합화사업 석면해체 및 지장물 철거공사,True,서울시 구로구 구로동  98-5,37.49573158032821,126.890662147745,구로구,10.8496853,2024-03-01,2024-03-26,2025-03-28
2024년 서초동 외 2개동 장기사용 배급수관 정비공사 (장기1차단가계약),True,서울특별시 강남구 양재천로 199,37.4834217905569,127.047062019944,강남구,,2024-05-01,2024-05-02,2025-05-08
2024년 전기설비 유지보수공사 (연간단가),True,서울특별시 강남구 양재천로 199,37.4834217905569,127.047062019944,강남구,,2024-03-01,2024-03-22,2025-03-31
2024년 도로시설물 유지보수공사(연간단가),True,서울특별시 중랑구 봉화산로 179,37.606543238397485,127.092820287005,중랑구,,2024-03-01,2024-03-11,2025-03-31
2024년 보안등 유지보수공사 (연간단가-1구역),True,서울특별시 중랑구 봉화산로 179,37.606543238397485,127.092820287005,중랑구,,2024-02-01,2024-02-14,2025-02-28
2024년 보안등 유지보수공사 (연간단가-2구역),True,서울특별시 중랑구 봉화산로 179,37.606543238397485,127.092820287005,중랑구,,2024-02-01,2024-02-05,2025-02-28
2024년 하수도시설물 유지보수공사(연간단가),True,서울 중랑구 봉화산로 179,37.60627086318125,127.09317102440764,중랑구,,2024-02-01,2024-02-20,2025-02-28
양재천  수변활력거점 조성사업,True,서울 강남구 개포동 1279,37.4826616862321,127.048433003126,강남구,,2024-08-01,2024-08-05,2025-04-27
미성동 복합청사 신축공사(소방),True,서울특별시 관악구 난곡로52길 16,37.47825490071381,126.916224886148,관악구,,2023-07-01,2023-07-19,2025-02-14
미성동 복합청사 신축공사(통신),True,서울특별시 관악구 난곡로52길 16,37.47825490071381,126.916224886148,관악구,,2023-07-01,2023-07-19,2025-02-14
"미성동 복합청사 신축공사 (건축,토목,조경,기계)",True,서울 관악구 난곡로52길 16,37.47820532921293,126.91620233013882,관악구,,2023-07-01,2023-07-31,2025-02-26
KBS송신소부지 복합문화타운 건립 기계설비공사,True,서울특별시 구로구 가마산로 245,37.495433086372,126.887505314509,구로구,,2023-06-01,2023-06-20,2025-02-17
양재천 수변활력 거점 조성사업(전기),True,서울 강남구 개포동 1279,37.48130277458129,127.04666723713198,강남구,,2024-08-01,2024-08-27,2025-03-31
양재천 수변활력거점 조성사업(통신),True,서울 강남구 개포동 1279,37.48130277458129,127.04666723713198,강남구,,2024-08-01,2024-08-23,2025-03-31
벚꽃길 공영주차장 건립 기계설비공사(1차),True,서울 양천구 신정동 884-8,37.5275587522305,126.860034100387,양천구,,2023-10-01,2023-10-16,2025-04-14
벚꽃길 공영주차장 건립 소방전기공사(1차),True,서울 양천구 신정동 884-8,37.5275587522305,126.860034100387,양천구,,2023-09-01,2023-09-25,2025-04-14
벚꽃길 공영주차장 건립 전기공사(1차),True,서울 양천구 신정동 884-8,37.5275587522305,126.860034100387,양천구,,2023-10-01,2023-10-16,2025-04-14
벚꽃길 공영주차장 건립 정보통신공사(1차),True,서울 양천구 신정동 884-8,37.5275587522305,126.860034100387,양천구,,2023-09-01,2023-09-26,2025-04-14
벚꽃길 공영주차장 건립 기계소방공사(1차),True,서울특별시 양천구 목동동로 105,37.51698847526773,126.86650140966,양천구,,2023-09-01,2023-09-26,2025-04-14
해등로 166 주변 등 5개소 원형관로 보수공사,True,서울 도봉구 쌍문동 553,37.65746393994348,127.03820854428012,도봉구,,2024-08-01,2024-08-27,2025-02-25
방학로3길 120 일대 원형관로 보수공사,True,서울 도봉구 쌍문동 553,37.658045015244944,127.03838733508712,도봉구,,2024-09-01,2024-09-11,2025-02-16
강남서초-2 임대아파트 시설물 유지보수공사,True,서울 강남구 개포로109길 5,37.493087577187794,127.07390177387236,강남구,,2023-03-01,2023-03-23,2025-04-30
"강남종합사회복지관 리모델링공사(건축,기계)",True,서울특별시 강남구 개포로109길 5,37.4923239826329,127.07460436682,강남구,,2024-09-01,2024-09-24,2025-03-31
강남종합사회복지관 리모델링공사(소방),True,서울특별시 강남구 개포로109길 5,37.4923239826329,127.07460436682,강남구,,2024-09-01,2024-09-12,2025-03-31
강남종합사회복지관 리모델링공사(전기),True,서울특별시 강남구 개포로109길 5,37.4923239826329,127.07460436682,강남구,,2024-09-01,2024-09-13,2025-03-31
강남종합사회복지관 리모델링공사(통신),True,서울특별시 강남구 개포로109길 5,37.4923239826329,127.07460436682,강남구,,2024-09-01,2024-09-12,2025-03-31
창동 상계 동서간 연결교량 보행교 건설공사(장기1차),True,도봉구 창동1-11~노원구 상계동 820간(4호선 창동철교 옆),37.65473224050226,127.05412348172274,창동1-11~노원구,,2021-03-01,2021-03-23,2025-04-18
7호선 남구로역 엘리베이터 제작설치 공사(51공구),True,서울특별시 구로구 도림로 지하 7,37.48625714438263,126.88741505160267,구로구,,2024-01-01,2024-01-12,2025-03-13
강서센터 소규모주택 시설물 유지보수공사,True,서울 강서구 초록마을로34길 61,37.5384203388022,126.844978758061,강서구,,2023-03-01,2023-03-23,2025-04-30
생활SOC 금천구 가족센터 복합화시설 신축공사,True,서울 금천구 시흥대로 467,37.47534395149008,126.89814257456172,금천구,37.0,2023-07-01,2023-07-07,2025-04-30
2024년 고척스카이돔 노후포장 교체 및 차선도색공사,True,서울특별시 구로구 경인로 430,37.4982338495579,126.867104761712,구로구,,2024-06-01,2024-06-25,2025-02-23
망우역사문화공원 무장애길 조성사업,True,서울특별시 중랑구 망우로91길 2,37.59894517013323,127.1143953642082,중랑구,,2024-09-01,2024-09-20,2025-03-22
강남서초-1 임대아파트 시설물 유지보수공사,True,"서울 강남구 개포로20길 24, 101호",37.4924856649433,127.09076567254098,강남구,,2023-03-01,2023-03-23,2025-04-30
"KBS송신소부지 복합문화타운 건립공사(건축,토목,조경)[_1차",True,서울 구로구 개봉동 195-6번지 일대,37.49267307359877,126.86104343078364,구로구,121.5,2023-05-01,2023-05-26,2025-02-17
노원/도봉센터-1 소규모주택 시설물 유지보수공사,True,서울 노원구 덕릉로 688,37.65895505258645,127.0755913015552,노원구,,2023-03-01,2023-03-23,2025-04-30
노원/도봉센터-2 소규모주택 시설물 유지보수공사,True,서울 노원구 덕릉로 688,37.65895505258645,127.0755913015552,노원구,,2023-03-01,2023-03-23,2025-04-30
노원도봉-1 임대아파트 시설물 유지보수공사,True,"서울 노원구 덕릉로 688, 우리빌딩4층",37.65895505258645,127.0755913015552,노원구,,2023-03-01,2023-03-23,2025-04-30
노원도봉-2 임대아파트 시설물 유지보수공사,True,서울 노원구 덕릉로 688,37.65895505258645,127.0755913015552,노원구,,2023-03-01,2023-03-23,2025-04-30
노원도봉-3 임대아파트 시설물 유지보수공사,True,서울 노원구 덕릉로 688,37.65895505258645,127.0755913015552,노원구,,2023-03-01,2023-03-23,2025-04-30
성내2동 구립 경로당 전기공사(1차),True,서울특별시 강동구 성내로 25,37.530193319622605,127.123792501253,강동구,,2023-12-01,2023-12-21,2025-02-19
성내2동 구립 경로당 통신공사(1차),True,서울특별시 강동구 성내로 25,37.530193319622605,127.123792501253,강동구,,2023-12-01,2023-12-21,2025-02-19
강월어린이공원 통합놀이터 조성사업 건축공사,True,서울 양천구 신월동 1004,37.51556314228999,126.83644982394532,양천구,,2024-08-01,2024-08-08,2025-02-21
강월어린이공원 통합놀이터 조성사업 기계공사,True,서울 양천구 신월동 1004,37.51556314228999,126.83644982394532,양천구,,2024-07-01,2024-07-29,2025-02-21
강월어린이공원 통합놀이터 조성사업 전기공사,True,서울 양천구 신월동 1004,37.51556314228999,126.83644982394532,양천구,,2024-08-01,2024-08-08,2025-02-21
강월어린이공원 통합놀이터 조성사업 조경공사,True,서울 양천구 신월동 1004,37.51556314228999,126.83644982394532,양천구,,2024-08-01,2024-08-05,2025-02-21
강월어린이공원 통합놀이터 조성사업 통신공사,True,서울 양천구 신월동 1004,37.51556314228999,126.83644982394532,양천구,,2024-07-01,2024-07-29,2025-02-21
2024년 기계설비 유지보수공사(연간단가),True,서울특별시 강동구 성내로 51,37.52910413602018,127.12622646496604,강동구,,2024-03-01,2024-03-25,2025-03-31
2024년 전기설비 유지보수공사(연간단가),True,서울특별시 강동구 성내로 51,37.52910413602018,127.12622646496604,강동구,,2024-03-01,2024-03-27,2025-03-31
성내2동 구립 경로당 신축공사 시행(1차),True,서울특별시 강동구 천호대로168길 18-11,37.5349799988598,127.131522378369,강동구,,2023-12-01,2023-12-28,2025-03-04
서서울미술관 건립 통신공사(장기1차),True,금천구 독산동 1151번지외 1필지(금천구 금나래중앙공원 내),37.45782102379923,126.89497618566035,중구,7.1,2022-11-01,2022-11-21,2025-04-30
서서울미술관 건립 소방공사(장기1차),True,서울시 금천구 독산동 1151번지외 1필지,37.45774000308802,126.89505541709558,금천구,,2022-11-01,2022-11-28,2025-04-30
서서울미술관 건립 전기공사(장기1차),True,금천구 독산동 1151번지외 1필지(금천구 금나래중앙공원 내),37.4577327789391,126.89503734304752,1필지(금천구,18.3,2022-11-01,2022-11-14,2025-04-30
서서울미술관 건립 기계공사(장기1차),True,서울시 금천구 독산동 1151번지외 1 (금나래중앙공원 내),37.45765439197921,126.8950385828603,금천구,,2023-02-01,2023-02-03,2025-04-30
암사아리수정수센터  활성탄흡착지 여과 및 세척설비 설치공사(장기계속),True,서울 강동구 암사동 3,37.56407728773151,127.13906079129994,강동구,,2024-09-01,2024-09-13,2025-04-30
강남서초-3 임대아파트 시설물 유지보수공사,True,서울 강남구 광평로56길 11,37.487554271404,127.10511291488326,강남구,,2023-03-01,2023-03-23,2025-04-30
구로금천-2 임대아파트 시설물 유지보수공사,True,서울 송파구 동남로23길 54,37.45053102958409,126.90466046766164,송파구,,2023-03-01,2023-03-23,2025-04-30
4호선 전선로 개량공사(당고개),True,서울특별시 노원구 상계로 305,37.67021683533139,127.079066619316,노원구,,2024-04-01,2024-04-26,2025-02-26
서울대공원 재규어사 환경개선공사,True,경기도 과천시 대공원광장로 102,37.43645156767701,127.01389825362084,서울지역외,,2024-05-01,2024-05-13,2025-02-28
구로/금천센터 소규모주택 시설물 유지보수공사,True,서울 관악구 신사로 148,37.4837387278208,126.842409905968,관악구,,2023-03-01,2023-03-23,2025-04-30
고덕강일공공주택지구 2BL 제로에너지아파트 건설공사,True,서울시 강동구 강일동 599-10,37.5617957999285,127.149162196278,강동구,1160.92691,2022-02-01,2022-02-25,2025-03-20
구로금천-1 임대아파트 시설물 유지보수공사,True,서울 강서구 방화대로48길 40,37.4827395206937,126.840403997067,강서구,,2023-03-01,2023-03-23,2025-04-30
2024년 한강 지천합류부 주변 준설공사,True,서울 강서구 개화동 164-2,37.5977366041706,126.805865592129,강서구,,2024-08-01,2024-08-30,2025-03-04
송파-2 임대아파트 시설물 유지보수공사,True,서울 송파구 충민로 10,37.47908075365819,127.11888055775418,송파구,,2023-03-01,2023-03-23,2025-04-30
송파-1 임대아파트 시설물 유지보수공사,True,서울 송파구 충민로 10,37.47904456539456,127.11902747578708,송파구,,2023-03-01,2023-03-23,2025-04-30
수락산 동막골 자연휴양림 조성사업 조경공사,True,서울 노원구 상계동 산 155-28,37.68018455211591,127.09011417509402,노원구,,2024-09-01,2024-09-27,2025-04-05
5호선 상일동역 엘리베이터 제작설치 공사(58공구),True,서울특별시 강동구 고덕로 지하 359,37.556677875721526,127.165905758209,강동구,,2024-03-01,2024-03-07,2025-03-08
"복정 외 1역 엘리베이터 제작설치 공사(54공구, 57공구)",True,서울 송파구 장지동 596-21,37.47074367341675,127.12672175187316,송파구,,2024-03-01,2024-03-22,2025-03-21
고덕강일공공주택지구 2BL 제로에너지아파트 소방(전기)공사,True,서울특별시 강동구 강일동 599-10,37.56293626550707,127.17090881087675,강동구,,2022-06-01,2022-06-22,2025-03-20
고덕강일공공주택지구 2BL 제로에너지아파트 전기공사,True,서울 강동구 강일동 599-10번지,37.56303071401481,127.17101655210104,강동구,,2022-06-01,2022-06-21,2025-03-20
2024년 관내 하천시설물 유지관리공사(연간단가),True,서울 강동구 상일동 425-7,37.54560170975011,127.174182504688,강동구,,2024-04-01,2024-04-03,2025-02-28
강동-1 임대아파트 시설물 유지보수공사,True,서울 강동구 상일로 74,37.55268516575942,127.17552532997468,강동구,,2023-03-01,2023-03-23,2025-04-30
강동-2 임대아파트 시설물 유지보수공사,True,서울 강동구 상일로 74,37.55268516575942,127.17552532997468,강동구,,2023-03-01,2023-03-23,2025-04-30
강동 일반산업단지 석면해체 및 지장물 철거공사,True,서울특별시 강동구 상일동 404 일원,37.5469568445167,127.17712760145,강동구,,2022-02-01,2022-02-21,2025-02-20
2024년 광암정수센터 기계설비 유지보수공사(장기계속계약 1차),True,경기 하남시 광암동 174,37.519203181028026,127.17304310409428,서울지역외,,2024-03-01,2024-03-26,2025-03-31
2024년 전기설비 유지보수공사(장기계속계약),True,경기 하남시 광암동 190,37.51923376958869,127.17368795022436,서울지역외,,2024-04-01,2024-04-01,2025-03-31
2024년 전기설비 유지보수공사(연간단가),True,경기 남양주시 삼패동 397,37.5972022004005,127.18791600095612,서울지역외,,2024-04-01,2024-04-05,2025-03-31
2024년 강북아리수정수센터  토목건축 시설물 유지보수공사 (장기계속),True,경기 남양주시 삼패동 397,37.59731022860934,127.18797289092127,서울지역외,,2024-05-01,2024-05-23,2025-04-30
2024년 강북취수장 전기설비 유지보수공사(장기계속),True,경기 남양주시 삼패동 397,37.597940630345846,127.18815565685726,서울지역외,,2024-03-01,2024-03-18,2025-03-31
2024년 강북취수장 시설물 유지보수공사(연간단가),True,경기 남양주시 삼패동 397,37.59716493247669,127.18868591445084,서울지역외,,2024-04-01,2024-04-12,2025-04-30
"2024년 강북아리수정수센터 기계설비 유지보수공사(연간단가, 장기계속)",True,경기 남양주시 삼패동 407-25,37.59420862662967,127.18934651790116,서울지역외,,2024-02-01,2024-02-06,2025-03-31
2024년 강북아리수정수센터(취수장) 기계설비 유지보수공사(장기계속),True,경기 남양주시 삼패동 397,37.5966211743903,127.19065483960104,서울지역외,,2024-04-01,2024-04-08,2025-03-31
산성역 노후 에스컬레이터 교체공사(2차),True,경기 성남시 수정구 수정로 지하 365,37.4570517064695,127.14998402139558,수정구,,2023-11-01,2023-11-16,2025-02-14
서울시 통합수장고 건립공사(장기1차),True,강원 횡성군 우천면 두곡리 550,37.4771879408817,128.038450466312,서울지역외,256.46723,2022-08-01,2022-08-12,2025-04-12
서울시 통합수장고 건립 통신공사(장기1차),True,강원도 횡성군 우천면 두곡리 550번지,37.47880549517991,128.0462883029888,중구,12.0645472,2022-09-01,2022-09-01,2025-05-12
서천연수원 노을관 객실 환경개선공사(전기),True,충청남도 서천군 서면 월하성길 74-87,36.13306192699409,126.55732694145853,서울지역외,,2024-09-01,2024-09-11,2025-03-29
